A|^|recent|^|addition|^|to|^|the|^|NBIA|^|group|^|of|^|disorders|^|is|^|fatty|^|acid|^|hydroxylase-associated|^|neurodegeneration|^|-LRB-|^|FAHN|^|-RRB-|^|,|^|which|^|is|^|a|^|result|^|of|^|mutations|^|in|^|the|^|fatty|^|acid-2|^|hydroxylase|^|FA2H|^|gene|^|-LRB-|^|-RRB-|^|.	a|^|recent|^|addition|^|to|^|the|^|NBIA|^|group|^|of|^|disorder|^|be|^|fatty|^|acid|^|hydroxylase-associated|^|neurodegeneration|^|-lrb-|^|fahn|^|-rrb-|^|,|^|which|^|be|^|a|^|result|^|of|^|mutation|^|in|^|the|^|fatty|^|acid-2|^|hydroxylase|^|fa2h|^|gene|^|-lrb-|^|-rrb-|^|.	DT|^|JJ|^|NN|^|TO|^|DT|^|NNP|^|NN|^|IN|^|NNS|^|VBZ|^|JJ|^|NN|^|JJ|^|NN|^|-LRB-|^|NN|^|-RRB-|^|,|^|WDT|^|VBZ|^|DT|^|NN|^|IN|^|NNS|^|IN|^|DT|^|NN|^|NN|^|NN|^|NN|^|NN|^|-LRB-|^|-RRB-|^|.	det|^|amod|^|nsubj|^||^|det|^|nn|^|prep_to|^||^|prep_of|^|cop|^|amod|^|nn|^|amod|^||^||^|appos|^||^||^|nsubj|^|cop|^|det|^|rcmod|^||^|prep_of|^||^|det|^|nn|^|nn|^|nn|^|nn|^|prep_in|^||^||^|	3|^|3|^|14|^|0|^|7|^|7|^|3|^|0|^|7|^|14|^|14|^|14|^|14|^|0|^|0|^|14|^|0|^|0|^|22|^|22|^|22|^|14|^|0|^|22|^|0|^|31|^|31|^|31|^|31|^|31|^|24|^|0|^|0|^|0	{29}	{13}
These|^|results|^|identify|^|a|^|pathogenic|^|gene|^|for|^|a|^|familial|^|vascular|^|disease|^|with|^|features|^|of|^|CAD|^|and|^|implicate|^|the|^|MEF2A|^|signaling|^|pathway|^|in|^|the|^|pathogenesis|^|of|^|CAD/MI|^|.	these|^|result|^|identify|^|a|^|pathogenic|^|gene|^|for|^|a|^|familial|^|vascular|^|disease|^|with|^|feature|^|of|^|cad|^|and|^|implicate|^|the|^|mef2a|^|signaling|^|pathway|^|in|^|the|^|pathogenesis|^|of|^|cad/mi|^|.	DT|^|NNS|^|VBP|^|DT|^|JJ|^|NN|^|IN|^|DT|^|JJ|^|JJ|^|NN|^|IN|^|NNS|^|IN|^|NN|^|CC|^|VBP|^|DT|^|NN|^|NN|^|NN|^|IN|^|DT|^|NN|^|IN|^|NN|^|.	det|^|nsubj|^||^|det|^|amod|^|dobj|^||^|det|^|amod|^|amod|^|prep_for|^||^|prep_with|^||^|prep_of|^||^|conj_and|^|det|^|nn|^|nn|^|dobj|^||^|det|^|prep_in|^||^|prep_of|^|	2|^|3|^|0|^|6|^|6|^|3|^|0|^|11|^|11|^|11|^|6|^|0|^|6|^|0|^|13|^|0|^|3|^|21|^|21|^|21|^|17|^|0|^|24|^|21|^|0|^|24|^|0	{18}	{14}
However|^|,|^|not|^|all|^|patients|^|deleted|^|for|^|_|^|FOXC1|^|_|^|-LRB-|^|here|^|or|^|in|^|the|^|literature|^|-RRB-|^|have|^|hydrocephalus|^|-LRB-|^|for|^|example|^|,|^|Patient|^|8|^|is|^|deleted|^|for|^|_|^|FOXC1|^|_|^|but|^|did|^|not|^|have|^|hydrocephalus|^|-RRB-|^|and|^|thus|^|other|^|factors|^|must|^|contribute|^|to|^|the|^|development|^|of|^|this|^|disorder|^|.	however|^|,|^|not|^|all|^|patient|^|delete|^|for|^|_|^|foxc1|^|_|^|-lrb-|^|here|^|or|^|in|^|the|^|literature|^|-rrb-|^|have|^|hydrocephalus|^|-lrb-|^|for|^|example|^|,|^|patient|^|8|^|be|^|delete|^|for|^|_|^|foxc1|^|_|^|but|^|do|^|not|^|have|^|hydrocephalus|^|-rrb-|^|and|^|thus|^|other|^|factor|^|must|^|contribute|^|to|^|the|^|development|^|of|^|this|^|disorder|^|.	RB|^|,|^|RB|^|DT|^|NNS|^|VBN|^|IN|^|CD|^|NN|^|NN|^|-LRB-|^|RB|^|CC|^|IN|^|DT|^|NN|^|-RRB-|^|VBP|^|NN|^|-LRB-|^|IN|^|NN|^|,|^|NN|^|CD|^|VBZ|^|VBN|^|IN|^|CD|^|NN|^|NN|^|CC|^|VBD|^|RB|^|VB|^|NN|^|-RRB-|^|CC|^|RB|^|JJ|^|NNS|^|MD|^|VB|^|TO|^|DT|^|NN|^|IN|^|DT|^|NN|^|.	advmod|^||^|neg|^|det|^|nsubj|^|parataxis|^||^|num|^|nn|^|prep_for|^||^|dep|^|cc|^||^|det|^|prep_in|^||^||^|nsubj|^||^||^|prep_for|^||^|nsubjpass|^|num|^|auxpass|^|dep|^||^|num|^|nn|^|prep_for|^||^|aux|^|neg|^|conj_but|^|dobj|^||^||^|advmod|^|amod|^|conj_and|^|aux|^|ccomp|^||^|det|^|prep_to|^||^|det|^|prep_of|^|	18|^|0|^|5|^|5|^|6|^|18|^|0|^|10|^|10|^|6|^|0|^|6|^|12|^|0|^|16|^|6|^|0|^|0|^|43|^|0|^|0|^|24|^|0|^|27|^|24|^|27|^|19|^|0|^|31|^|31|^|27|^|0|^|35|^|35|^|27|^|35|^|0|^|0|^|41|^|41|^|19|^|43|^|18|^|0|^|46|^|43|^|0|^|49|^|46|^|0	{8}	{35}
Heterozygous|^|changes|^|in|^|_|^|SLC4A11|^|_|^|have|^|been|^|reported|^|in|^|cases|^|of|^|late|^|onset|^|Fuchs|^|endothelial|^|corneal|^|dystrophy|^|-LRB-|^|FECD|^|;|^|OMIM|^|-RRB-|^|in|^|which|^|haploinsufficiency|^|and|^|accumulation|^|of|^|aberrantly|^|folded|^|protein|^|is|^|reported|^|to|^|result|^|in|^|FECD|^|pathology|^|-LRB-|^|-RRB-|^|.	heterozygous|^|change|^|in|^|_|^|slc4a11|^|_|^|have|^|be|^|report|^|in|^|case|^|of|^|late|^|onset|^|fuch|^|endothelial|^|corneal|^|dystrophy|^|-lrb-|^|fecd|^|;|^|OMIM|^|-rrb-|^|in|^|which|^|haploinsufficiency|^|and|^|accumulation|^|of|^|aberrantly|^|fold|^|protein|^|be|^|report|^|to|^|result|^|in|^|fecd|^|pathology|^|-lrb-|^|-rrb-|^|.	JJ|^|NNS|^|IN|^|CD|^|NN|^|CD|^|VBP|^|VBN|^|VBN|^|IN|^|NNS|^|IN|^|JJ|^|NN|^|NNS|^|JJ|^|NN|^|NN|^|-LRB-|^|NN|^|:|^|NNP|^|-RRB-|^|IN|^|WDT|^|NN|^|CC|^|NN|^|IN|^|RB|^|VBN|^|NN|^|VBZ|^|VBN|^|TO|^|VB|^|IN|^|NN|^|NN|^|-LRB-|^|-RRB-|^|.	amod|^|nsubjpass|^||^|num|^|prep_in|^|dep|^|aux|^|auxpass|^||^||^|prep_in|^||^|amod|^|nn|^|prep_of|^|amod|^|nn|^|dep|^||^|appos|^||^|dep|^||^||^|prep_in|^|nsubjpass|^||^|conj_and|^||^|advmod|^|amod|^|prep_of|^|auxpass|^|rcmod|^|aux|^|xcomp|^||^|nn|^|prep_in|^||^||^|	2|^|9|^|0|^|5|^|2|^|2|^|9|^|9|^|0|^|0|^|9|^|0|^|15|^|15|^|11|^|18|^|18|^|15|^|0|^|18|^|0|^|20|^|0|^|0|^|34|^|34|^|0|^|26|^|0|^|31|^|32|^|28|^|34|^|15|^|36|^|34|^|0|^|39|^|36|^|0|^|0|^|0	{4}	{19}
The|^|_|^|THAP1|^|_|^|phenotype|^|typically|^|presents|^|with|^|early-onset|^|dystonia|^|that|^|differs|^|from|^|DYT1|^|dystonia|^|in|^|the|^|frequent|^|involvement|^|of|^|the|^|cranial-cervical|^|district|^|.	the|^|_|^|thap1|^|_|^|phenotype|^|typically|^|present|^|with|^|early-onset|^|dystonium|^|that|^|differ|^|from|^|dyt1|^|dystonium|^|in|^|the|^|frequent|^|involvement|^|of|^|the|^|cranial-cervical|^|district|^|.	DT|^|CD|^|NN|^|CD|^|NN|^|RB|^|VBZ|^|IN|^|JJ|^|NN|^|WDT|^|VBZ|^|IN|^|NN|^|NN|^|IN|^|DT|^|JJ|^|NN|^|IN|^|DT|^|JJ|^|NN|^|.	det|^|num|^|nn|^|num|^|nsubj|^|advmod|^||^||^|amod|^|prep_with|^|nsubj|^|rcmod|^||^|nn|^|prep_from|^||^|det|^|amod|^|prep_in|^||^|det|^|amod|^|prep_of|^|	5|^|5|^|5|^|5|^|7|^|7|^|0|^|0|^|10|^|7|^|12|^|10|^|0|^|15|^|12|^|0|^|19|^|19|^|15|^|0|^|23|^|23|^|19|^|0	{2}	{9}
Mutations|^|in|^|_|^|LMNA|^|,|^|GAN1|^|,|^|KCC3|^|,|^|TDP1|^|,|^|APTX|^|_|^|,|^|_|^|SETX|^|_|^|and|^|_|^|MRE11|^|_|^|were|^|found|^|to|^|be|^|the|^|causes|^|of|^|autosomal|^|recessive|^|axonal|^|neuropathies|^|-LRB-|^|-|^|-RRB-|^|.	mutation|^|in|^|_|^|lmna|^|,|^|gan1|^|,|^|kcc3|^|,|^|tdp1|^|,|^|APTX|^|_|^|,|^|_|^|SETX|^|_|^|and|^|_|^|mre11|^|_|^|be|^|find|^|to|^|be|^|the|^|cause|^|of|^|autosomal|^|recessive|^|axonal|^|neuropathy|^|-lrb-|^|-|^|-rrb-|^|.	NNS|^|IN|^|CD|^|NN|^|,|^|NN|^|,|^|NN|^|,|^|NN|^|,|^|NNP|^|CD|^|,|^|CD|^|NNP|^|CD|^|CC|^|CD|^|NN|^|NN|^|VBD|^|VBN|^|TO|^|VB|^|DT|^|NNS|^|IN|^|JJ|^|JJ|^|JJ|^|NNS|^|-LRB-|^|:|^|-RRB-|^|.	nsubjpass|^||^|num|^|prep_in|^||^|appos|^||^|appos|^||^|appos|^||^|appos|^|num|^||^|num|^|conj_and|^|num|^||^|num|^|nn|^|conj_and|^|auxpass|^||^|aux|^|cop|^|det|^|xcomp|^||^|amod|^|amod|^|amod|^|prep_of|^||^||^||^|	23|^|0|^|4|^|1|^|0|^|4|^|0|^|4|^|0|^|4|^|0|^|4|^|12|^|0|^|16|^|12|^|16|^|0|^|21|^|21|^|12|^|23|^|0|^|27|^|27|^|27|^|23|^|0|^|32|^|32|^|32|^|27|^|0|^|0|^|0|^|0	{15}	{30,31}
To|^|date|^|,|^|4|^|genes|^|have|^|been|^|identified|^|as|^|causes|^|of|^|IHH|^|in|^|the|^|human|^|;|^|KAL|^|-LRB-|^|the|^|gene|^|for|^|X-linked|^|Kallmann|^|syndrome|^|-LRB-|^|IHH|^|and|^|anosmia|^|-RRB-|^|-RRB-|^|,|^|DAX1|^|-LRB-|^|the|^|gene|^|for|^|X-linked|^|adrenal|^|hypoplasia|^|congenita|^|-LRB-|^|IHH|^|and|^|adrenal|^|insufficiency|^|-RRB-|^|-RRB-|^|,|^|GNRHR|^|-LRB-|^|the|^|GnRH|^|receptor|^|-RRB-|^|,|^|and|^|PC1|^|-LRB-|^|the|^|gene|^|for|^|prohormone|^|convertase|^|1|^|,|^|causing|^|a|^|syndrome|^|of|^|IHH|^|and|^|defects|^|in|^|prohormone|^|processing|^|-RRB-|^|.	to|^|date|^|,|^|4|^|gene|^|have|^|be|^|identify|^|as|^|cause|^|of|^|ihh|^|in|^|the|^|human|^|;|^|kal|^|-lrb-|^|the|^|gene|^|for|^|x-linked|^|kallmann|^|syndrome|^|-lrb-|^|ihh|^|and|^|anosmium|^|-rrb-|^|-rrb-|^|,|^|dax1|^|-lrb-|^|the|^|gene|^|for|^|x-linked|^|adrenal|^|hypoplasium|^|congenita|^|-lrb-|^|ihh|^|and|^|adrenal|^|insufficiency|^|-rrb-|^|-rrb-|^|,|^|gnrhr|^|-lrb-|^|the|^|gnrh|^|receptor|^|-rrb-|^|,|^|and|^|pc1|^|-lrb-|^|the|^|gene|^|for|^|prohormone|^|convertase|^|1|^|,|^|cause|^|a|^|syndrome|^|of|^|ihh|^|and|^|defect|^|in|^|prohormone|^|processing|^|-rrb-|^|.	TO|^|NN|^|,|^|CD|^|NNS|^|VBP|^|VBN|^|VBN|^|IN|^|NNS|^|IN|^|NN|^|IN|^|DT|^|JJ|^|:|^|NN|^|-LRB-|^|DT|^|NN|^|IN|^|JJ|^|NN|^|NN|^|-LRB-|^|NN|^|CC|^|NN|^|-RRB-|^|-RRB-|^|,|^|NN|^|-LRB-|^|DT|^|NN|^|IN|^|JJ|^|JJ|^|NN|^|NN|^|-LRB-|^|NN|^|CC|^|JJ|^|NN|^|-RRB-|^|-RRB-|^|,|^|NN|^|-LRB-|^|DT|^|NN|^|NN|^|-RRB-|^|,|^|CC|^|NN|^|-LRB-|^|DT|^|NN|^|IN|^|NN|^|NN|^|CD|^|,|^|VBG|^|DT|^|NN|^|IN|^|NN|^|CC|^|NNS|^|IN|^|NN|^|NN|^|-RRB-|^|.	|^|prep_to|^||^|num|^|nsubjpass|^|aux|^|auxpass|^||^||^|prep_as|^||^|prep_of|^||^|det|^|prep_in|^||^|dep|^||^|det|^|dep|^||^|amod|^|nn|^|prep_for|^||^|dep|^||^|conj_and|^||^||^||^|conj_and|^||^|det|^|dep|^||^|amod|^|amod|^|nn|^|prep_for|^||^|dep|^||^|amod|^|conj_and|^||^||^||^|conj_and|^||^|det|^|nn|^|appos|^||^||^||^|conj_and|^||^|det|^|dep|^||^|nn|^|prep_for|^|num|^||^|dep|^|det|^|dobj|^||^|prep_of|^||^|conj_and|^||^|nn|^|prep_in|^||^|	0|^|8|^|0|^|5|^|8|^|8|^|8|^|0|^|0|^|8|^|0|^|10|^|0|^|15|^|12|^|0|^|8|^|0|^|20|^|17|^|0|^|24|^|24|^|20|^|0|^|24|^|0|^|26|^|0|^|0|^|0|^|17|^|0|^|35|^|32|^|0|^|40|^|40|^|40|^|35|^|0|^|40|^|0|^|45|^|42|^|0|^|0|^|0|^|17|^|0|^|53|^|53|^|49|^|0|^|0|^|0|^|17|^|0|^|60|^|57|^|0|^|63|^|60|^|63|^|0|^|60|^|68|^|66|^|0|^|68|^|0|^|70|^|0|^|75|^|70|^|0|^|0	{48}	{41}
The|^|analysis|^|of|^|the|^|recently|^|identified|^|uveal|^|melanoma|^|driver|^|mutations|^|in|^|the|^|genes|^|_|^|GNAQ|^|_|^|,|^|_|^|GNA11|^|_|^|,|^|_|^|BAP1|^|_|^|,|^|_|^|SF3B1|^|_|^|and|^|_|^|EIF1AX|^|_|^|generally|^|confirms|^|the|^|observed|^|mutation|^|frequencies|^|and|^|the|^|prevalence|^|of|^|_|^|SF3B1|^|_|^|and|^|_|^|EIF1AX|^|_|^|mutations|^|in|^|disomic|^|,|^|non-metastatic|^|cases|^|.	the|^|analysis|^|of|^|the|^|recently|^|identify|^|uveal|^|melanoma|^|driver|^|mutation|^|in|^|the|^|gene|^|_|^|GNAQ|^|_|^|,|^|_|^|gna11|^|_|^|,|^|_|^|bap1|^|_|^|,|^|_|^|sf3b1|^|_|^|and|^|_|^|eif1ax|^|_|^|generally|^|confirm|^|the|^|observe|^|mutation|^|frequency|^|and|^|the|^|prevalence|^|of|^|_|^|sf3b1|^|_|^|and|^|_|^|eif1ax|^|_|^|mutation|^|in|^|disomic|^|,|^|non-metastatic|^|case|^|.	DT|^|NN|^|IN|^|DT|^|RB|^|VBN|^|JJ|^|NN|^|NN|^|NNS|^|IN|^|DT|^|NNS|^|VBP|^|NNP|^|CD|^|,|^|CD|^|NN|^|CD|^|,|^|CD|^|NN|^|CD|^|,|^|CD|^|NN|^|NN|^|CC|^|NN|^|NN|^|CD|^|RB|^|VBZ|^|DT|^|VBN|^|NN|^|NNS|^|CC|^|DT|^|NN|^|IN|^|CD|^|NN|^|NN|^|CC|^|NN|^|NN|^|NN|^|NNS|^|IN|^|JJ|^|,|^|JJ|^|NNS|^|.	det|^|nsubj|^||^|det|^|advmod|^|amod|^|amod|^|nn|^|nn|^|prep_of|^||^|det|^|prep_in|^|csubj|^|dobj|^|num|^||^|num|^|conj_and|^|num|^||^|num|^|conj_and|^|num|^||^|num|^|nn|^|conj_and|^||^|conj_and|^|dep|^|num|^|advmod|^||^|det|^|amod|^|nn|^|dobj|^||^|det|^|conj_and|^||^|num|^|nn|^|prep_of|^||^|nn|^|nn|^|nn|^|conj_and|^||^|amod|^||^|dep|^|prep_in|^|	2|^|14|^|0|^|10|^|6|^|10|^|10|^|10|^|10|^|2|^|0|^|13|^|10|^|34|^|14|^|15|^|0|^|19|^|15|^|19|^|0|^|23|^|15|^|23|^|0|^|28|^|28|^|15|^|0|^|15|^|30|^|31|^|34|^|0|^|38|^|38|^|38|^|34|^|0|^|41|^|38|^|0|^|45|^|45|^|41|^|0|^|50|^|50|^|50|^|45|^|0|^|55|^|0|^|52|^|41|^|0	{30}	{6,7}
Mutations|^|within|^|the|^|amyloid-beta|^|-LRB-|^|Abeta|^|-RRB-|^|domain|^|of|^|the|^|amyloid|^|precursor|^|protein|^|-LRB-|^|APP|^|-RRB-|^|typically|^|generate|^|hemorrhagic|^|strokes|^|and|^|vascular|^|amyloid|^|angiopathy|^|.	mutation|^|within|^|the|^|amyloid-beta|^|-lrb-|^|abeta|^|-rrb-|^|domain|^|of|^|the|^|amyloid|^|precursor|^|protein|^|-lrb-|^|app|^|-rrb-|^|typically|^|generate|^|hemorrhagic|^|stroke|^|and|^|vascular|^|amyloid|^|angiopathy|^|.	NNS|^|IN|^|DT|^|NN|^|-LRB-|^|NN|^|-RRB-|^|NN|^|IN|^|DT|^|NN|^|NN|^|NN|^|-LRB-|^|NN|^|-RRB-|^|RB|^|VBP|^|JJ|^|NNS|^|CC|^|JJ|^|NN|^|NN|^|.	nsubj|^||^|det|^|nn|^||^|nn|^||^|prep_within|^||^|det|^|nn|^|nn|^|prep_of|^||^|appos|^||^|advmod|^||^|amod|^|dobj|^||^|amod|^|nn|^|conj_and|^|	18|^|0|^|8|^|8|^|0|^|8|^|0|^|1|^|0|^|13|^|13|^|13|^|8|^|0|^|13|^|0|^|18|^|0|^|20|^|18|^|0|^|24|^|24|^|20|^|0	{14}	{19}
Three|^|monogenic|^|forms|^|of|^|T2DM|^|characterized|^|by|^|severe|^|insulin|^|resistance|^|are|^|the|^|consequence|^|of|^|mutations|^|in|^|the|^|PPARgamma|^|,|^|ATK2|^|,|^|and|^|insulin|^|receptor|^|genes|^|.	three|^|monogenic|^|form|^|of|^|t2dm|^|characterize|^|by|^|severe|^|insulin|^|resistance|^|be|^|the|^|consequence|^|of|^|mutation|^|in|^|the|^|ppargamma|^|,|^|atk2|^|,|^|and|^|insulin|^|receptor|^|gene|^|.	CD|^|JJ|^|NNS|^|IN|^|NN|^|VBN|^|IN|^|JJ|^|NN|^|NN|^|VBP|^|DT|^|NN|^|IN|^|NNS|^|IN|^|DT|^|NN|^|,|^|NN|^|,|^|CC|^|NN|^|NN|^|NNS|^|.	num|^|amod|^|nsubj|^||^|prep_of|^|vmod|^||^|amod|^|nn|^|agent|^|cop|^|det|^||^||^|prep_of|^||^|det|^|nn|^||^|appos|^||^||^|nn|^|conj_and|^|prep_in|^|	3|^|3|^|13|^|0|^|3|^|5|^|0|^|10|^|10|^|6|^|13|^|13|^|0|^|0|^|13|^|0|^|18|^|25|^|0|^|18|^|0|^|0|^|24|^|18|^|15|^|0	{17}	{8,9}
This|^|study|^|demonstrates|^|for|^|the|^|first|^|time|^|that|^|PAX2|^|mutations|^|can|^|be|^|responsible|^|for|^|isolated|^|renal|^|hypoplasia|^|.	this|^|study|^|demonstrate|^|for|^|the|^|first|^|time|^|that|^|pax2|^|mutation|^|can|^|be|^|responsible|^|for|^|isolate|^|renal|^|hypoplasium|^|.	DT|^|NN|^|VBZ|^|IN|^|DT|^|JJ|^|NN|^|WDT|^|NN|^|NNS|^|MD|^|VB|^|JJ|^|IN|^|VBN|^|JJ|^|NN|^|.	det|^|nsubj|^||^||^|det|^|amod|^|prep_for|^|dep|^|nn|^|nsubj|^|aux|^|cop|^|ccomp|^||^|amod|^|amod|^|prep_for|^|	2|^|3|^|0|^|0|^|7|^|7|^|3|^|13|^|10|^|13|^|13|^|13|^|3|^|0|^|17|^|17|^|13|^|0	{8}	{15,16}
Recurrent|^|deletions|^|of|^|the|^|17q21|^|.31|^|region|^|encompassing|^|the|^|microtubule-associated|^|protein|^|tau|^|-LRB-|^|MAPT|^|-RRB-|^|gene|^|have|^|recently|^|been|^|described|^|in|^|patients|^|with|^|mental|^|retardation|^|.	recurrent|^|deletion|^|of|^|the|^|17q21|^|.31|^|region|^|encompass|^|the|^|microtubule-associated|^|protein|^|tau|^|-lrb-|^|mapt|^|-rrb-|^|gene|^|have|^|recently|^|be|^|describe|^|in|^|patient|^|with|^|mental|^|retardation|^|.	JJ|^|NNS|^|IN|^|DT|^|NN|^|CD|^|NN|^|VBG|^|DT|^|JJ|^|NN|^|NN|^|-LRB-|^|NN|^|-RRB-|^|NN|^|VBP|^|RB|^|VBN|^|VBN|^|IN|^|NNS|^|IN|^|JJ|^|NN|^|.	amod|^|nsubjpass|^||^|det|^|nn|^|num|^|prep_of|^|vmod|^|det|^|amod|^|nn|^|nn|^||^|nn|^||^|dobj|^|aux|^|advmod|^|auxpass|^||^||^|prep_in|^||^|amod|^|prep_with|^|	2|^|20|^|0|^|7|^|7|^|7|^|2|^|7|^|16|^|16|^|16|^|16|^|0|^|16|^|0|^|8|^|20|^|20|^|20|^|0|^|0|^|20|^|0|^|25|^|22|^|0	{11}	{23,24}
LCA|^|chip|^|analysis|^|identified|^|2|^|_|^|CRX|^|_|^|missense|^|variants|^|in|^|two|^|LCA|^|patients|^|.	LCA|^|chip|^|analysis|^|identify|^|2|^|_|^|CRX|^|_|^|missense|^|variant|^|in|^|two|^|lca|^|patient|^|.	NNP|^|NN|^|NN|^|VBD|^|CD|^|CD|^|NNP|^|CD|^|NN|^|NNS|^|IN|^|CD|^|NN|^|NNS|^|.	nn|^|nn|^|nsubj|^||^|number|^|num|^|nn|^|num|^|nn|^|dobj|^||^|num|^|nn|^|prep_in|^|	3|^|3|^|4|^|0|^|6|^|10|^|10|^|10|^|10|^|4|^|0|^|14|^|14|^|10|^|0	{6}	{12}
We|^|identified|^|dominant|^|STIM1|^|mutations|^|as|^|a|^|genetic|^|cause|^|of|^|tubular-aggregate|^|myopathy|^|-LRB-|^|TAM|^|-RRB-|^|.	we|^|identify|^|dominant|^|stim1|^|mutation|^|as|^|a|^|genetic|^|cause|^|of|^|tubular-aggregate|^|myopathy|^|-lrb-|^|tam|^|-rrb-|^|.	PRP|^|VBD|^|JJ|^|NN|^|NNS|^|IN|^|DT|^|JJ|^|NN|^|IN|^|JJ|^|NN|^|-LRB-|^|NN|^|-RRB-|^|.	nsubj|^||^|amod|^|nn|^|dobj|^||^|det|^|amod|^|prep_as|^||^|amod|^|prep_of|^||^|appos|^||^|	2|^|0|^|5|^|5|^|2|^|0|^|9|^|9|^|2|^|0|^|12|^|9|^|0|^|12|^|0|^|0	{3}	{13}
Mutations|^|in|^|the|^|gene|^|encoding|^|ClC-5|^|lead|^|to|^|X-linked|^|hypercalciuric|^|nephrolithiasis|^|-LRB-|^|XLHN|^|-RRB-|^|,|^|characterized|^|by|^|proteinuria|^|,|^|hypercalciuria|^|,|^|and|^|phosphaturia|^|.	mutation|^|in|^|the|^|gene|^|encode|^|clc-5|^|lead|^|to|^|x-linked|^|hypercalciuric|^|nephrolithiasis|^|-lrb-|^|xlhn|^|-rrb-|^|,|^|characterize|^|by|^|proteinurium|^|,|^|hypercalciurium|^|,|^|and|^|phosphaturium|^|.	NNS|^|IN|^|DT|^|NN|^|VBG|^|NN|^|NN|^|TO|^|JJ|^|NN|^|NN|^|-LRB-|^|NN|^|-RRB-|^|,|^|VBN|^|IN|^|NN|^|,|^|NN|^|,|^|CC|^|NN|^|.	|^||^|det|^|prep_in|^|vmod|^|nn|^|dobj|^||^|amod|^|nn|^|prep_to|^||^|appos|^||^||^|vmod|^||^|agent|^||^|conj_and|^||^||^|conj_and|^|	0|^|0|^|4|^|1|^|4|^|7|^|5|^|0|^|11|^|11|^|7|^|0|^|11|^|0|^|0|^|11|^|0|^|16|^|0|^|18|^|0|^|0|^|18|^|0	{5}	{12}
Here|^|,|^|we|^|highlight|^|the|^|recent|^|developments|^|in|^|understanding|^|the|^|mechanism|^|of|^|cilia-dependent|^|photoreceptor|^|degeneration|^|due|^|to|^|mutations|^|in|^|RPGR|^|and|^|PGR-interacting|^|proteins|^|in|^|severe|^|genetic|^|diseases|^|,|^|including|^|retinitis|^|pigmentosa|^|,|^|Leber|^|congenital|^|amaurosis|^|-LRB-|^|LCA|^|-RRB-|^|,|^|Joubert|^|syndrome|^|,|^|and|^|Senior-Loken|^|syndrome|^|,|^|and|^|explore|^|the|^|physiological|^|relevance|^|of|^|photoreceptor|^|ciliary|^|protein|^|complexes|^|.	here|^|,|^|we|^|highlight|^|the|^|recent|^|development|^|in|^|understand|^|the|^|mechanism|^|of|^|cilia-dependent|^|photoreceptor|^|degeneration|^|due|^|to|^|mutation|^|in|^|rpgr|^|and|^|pgr-interacting|^|protein|^|in|^|severe|^|genetic|^|disease|^|,|^|include|^|retinitis|^|pigmentosa|^|,|^|Leber|^|congenital|^|amaurosis|^|-lrb-|^|lca|^|-rrb-|^|,|^|Joubert|^|syndrome|^|,|^|and|^|senior-loken|^|syndrome|^|,|^|and|^|explore|^|the|^|physiological|^|relevance|^|of|^|photoreceptor|^|ciliary|^|protein|^|complex|^|.	RB|^|,|^|PRP|^|VBP|^|DT|^|JJ|^|NNS|^|IN|^|VBG|^|DT|^|NN|^|IN|^|JJ|^|NN|^|NN|^|JJ|^|TO|^|NNS|^|IN|^|NN|^|CC|^|JJ|^|NNS|^|IN|^|JJ|^|JJ|^|NNS|^|,|^|VBG|^|NN|^|NN|^|,|^|NNP|^|JJ|^|NN|^|-LRB-|^|NN|^|-RRB-|^|,|^|NNP|^|NN|^|,|^|CC|^|JJ|^|NN|^|,|^|CC|^|VB|^|DT|^|JJ|^|NN|^|IN|^|NN|^|JJ|^|NN|^|NNS|^|.	advmod|^||^|nsubj|^||^|det|^|amod|^|dobj|^||^|prepc_in|^|det|^|dobj|^||^|amod|^|nn|^|prep_of|^||^||^|prep_due_to|^||^|prep_in|^||^|amod|^|conj_and|^||^|amod|^|amod|^|prep_in|^||^||^|nn|^|prep_including|^||^|nn|^|amod|^|conj_and|^||^|appos|^||^||^|nn|^|conj_and|^||^||^|amod|^|conj_and|^||^||^|conj_and|^|det|^|amod|^|dobj|^||^|nn|^|amod|^|nn|^|prep_of|^|	4|^|0|^|4|^|0|^|7|^|7|^|4|^|0|^|7|^|11|^|9|^|0|^|15|^|15|^|11|^|0|^|0|^|11|^|0|^|18|^|0|^|23|^|20|^|0|^|27|^|27|^|18|^|0|^|0|^|31|^|27|^|0|^|35|^|35|^|31|^|0|^|35|^|0|^|0|^|41|^|31|^|0|^|0|^|45|^|31|^|0|^|0|^|31|^|51|^|51|^|48|^|0|^|56|^|56|^|56|^|51|^|0	{19}	{33,34}
We|^|and|^|others|^|have|^|shown|^|recently|^|that|^|mutations|^|in|^|the|^|OPA1|^|gene|^|encoding|^|a|^|dynamin-related|^|mitochondrial|^|protein|^|cause|^|autosomal|^|dominant|^|optic|^|atrophy|^|-LRB-|^|ADOA|^|-RRB-|^|linked|^|to|^|chromosome|^|3q28-q29|^|.	we|^|and|^|other|^|have|^|show|^|recently|^|that|^|mutation|^|in|^|the|^|opa1|^|gene|^|encode|^|a|^|dynamin-related|^|mitochondrial|^|protein|^|cause|^|autosomal|^|dominant|^|optic|^|atrophy|^|-lrb-|^|adoa|^|-rrb-|^|link|^|to|^|chromosome|^|3q28-q29|^|.	PRP|^|CC|^|NNS|^|VBP|^|VBN|^|RB|^|IN|^|NNS|^|IN|^|DT|^|NN|^|NN|^|VBG|^|DT|^|JJ|^|JJ|^|NN|^|NN|^|JJ|^|JJ|^|JJ|^|NN|^|-LRB-|^|NN|^|-RRB-|^|VBN|^|TO|^|NN|^|NN|^|.	nsubj|^||^|conj_and|^|aux|^||^|advmod|^|dep|^|dep|^||^|det|^|nn|^|prep_in|^|vmod|^|det|^|amod|^|amod|^|nn|^|nn|^|amod|^|amod|^|amod|^|dobj|^||^|appos|^||^|vmod|^||^|nn|^|prep_to|^|	5|^|0|^|1|^|5|^|0|^|5|^|5|^|7|^|0|^|12|^|12|^|8|^|12|^|22|^|22|^|22|^|22|^|22|^|22|^|22|^|22|^|13|^|0|^|22|^|0|^|22|^|0|^|29|^|26|^|0	{10}	{20,21}
The|^|vital|^|role|^|that|^|the|^|microtubule|^|cytoskeleton|^|plays|^|in|^|these|^|cellular|^|processes|^|is|^|reflected|^|by|^|the|^|discovery|^|that|^|mutations|^|in|^|various|^|tubulin|^|isotypes|^|cause|^|different|^|neurodevelopmental|^|diseases|^|,|^|including|^|lissencephaly|^|-LRB-|^|_|^|TUBA1A|^|_|^|-RRB-|^|,|^|polymicrogyria|^|-LRB-|^|_|^|TUBA1A|^|_|^|,|^|_|^|TUBB2B|^|_|^|,|^|_|^|TUBB3|^|_|^|-RRB-|^|,|^|and|^|an|^|ocular|^|motility|^|disorder|^|-LRB-|^|_|^|TUBB3|^|_|^|-RRB-|^|.	the|^|vital|^|role|^|that|^|the|^|microtubule|^|cytoskeleton|^|play|^|in|^|these|^|cellular|^|process|^|be|^|reflect|^|by|^|the|^|discovery|^|that|^|mutation|^|in|^|various|^|tubulin|^|isotype|^|cause|^|different|^|neurodevelopmental|^|disease|^|,|^|include|^|lissencephaly|^|-lrb-|^|_|^|tuba1a|^|_|^|-rrb-|^|,|^|polymicrogyrium|^|-lrb-|^|_|^|tuba1a|^|_|^|,|^|_|^|tubb2b|^|_|^|,|^|_|^|tubb3|^|_|^|-rrb-|^|,|^|and|^|a|^|ocular|^|motility|^|disorder|^|-lrb-|^|_|^|tubb3|^|_|^|-rrb-|^|.	DT|^|JJ|^|NN|^|IN|^|DT|^|NN|^|NN|^|VBZ|^|IN|^|DT|^|JJ|^|NNS|^|VBZ|^|VBN|^|IN|^|DT|^|NN|^|WDT|^|NNS|^|IN|^|JJ|^|NN|^|NNS|^|VBP|^|JJ|^|JJ|^|NNS|^|,|^|VBG|^|NN|^|-LRB-|^|CD|^|NN|^|NN|^|-RRB-|^|,|^|NN|^|-LRB-|^|CD|^|NN|^|CD|^|,|^|CD|^|NN|^|CD|^|,|^|CD|^|NN|^|NN|^|-RRB-|^|,|^|CC|^|DT|^|JJ|^|NN|^|NN|^|-LRB-|^|CD|^|NN|^|NN|^|-RRB-|^|.	det|^|amod|^|nsubjpass|^|dobj|^|det|^|nn|^|nsubj|^|rcmod|^||^|det|^|amod|^|prep_in|^|auxpass|^||^||^|det|^|agent|^|dobj|^|nsubj|^||^|amod|^|nn|^|prep_in|^|rcmod|^|amod|^|amod|^|dobj|^||^||^|prep_including|^||^|num|^|nn|^|appos|^||^||^|conj_and|^||^|num|^|dep|^|num|^||^|num|^|appos|^|num|^||^|num|^|nn|^|appos|^||^||^||^|det|^|amod|^|nn|^|conj_and|^||^|num|^|nn|^|appos|^||^|	3|^|3|^|14|^|8|^|7|^|7|^|8|^|3|^|0|^|12|^|12|^|8|^|14|^|0|^|0|^|17|^|14|^|24|^|24|^|0|^|23|^|23|^|19|^|17|^|27|^|27|^|24|^|0|^|0|^|27|^|0|^|34|^|34|^|30|^|0|^|0|^|30|^|0|^|40|^|37|^|40|^|0|^|44|^|40|^|44|^|0|^|49|^|49|^|40|^|0|^|0|^|0|^|56|^|56|^|56|^|30|^|0|^|60|^|60|^|56|^|0|^|0	{32}	{29}
Among|^|the|^|103|^|PNP|^|patients|^|we|^|identified|^|two|^|individuals|^|carrying|^|a|^|heterozygous|^|frameshift|^|mutation|^|in|^|an|^|exonic|^|region|^|of|^|_|^|SCARB2|^|_|^|,|^|i.e.|^|c.|^|666delCCTTA|^|respectively|^|p.Y222XfsX|^|in|^|exon5|^|-LRB-|^|Figure|^|.	among|^|the|^|103|^|pnp|^|patient|^|we|^|identify|^|two|^|individual|^|carry|^|a|^|heterozygous|^|frameshift|^|mutation|^|in|^|a|^|exonic|^|region|^|of|^|_|^|scarb2|^|_|^|,|^|i.e.|^|c.|^|666delcctta|^|respectively|^|p.y222xfsx|^|in|^|exon5|^|-lrb-|^|figure|^|.	IN|^|DT|^|CD|^|NN|^|NNS|^|PRP|^|VBD|^|CD|^|NNS|^|VBG|^|DT|^|JJ|^|NN|^|NN|^|IN|^|DT|^|JJ|^|NN|^|IN|^|CD|^|NN|^|NN|^|,|^|FW|^|FW|^|NN|^|RB|^|NN|^|IN|^|NN|^|-LRB-|^|NN|^|.	|^|det|^|num|^|nn|^|prep_among|^|dep|^||^|num|^|nsubj|^|dep|^|det|^|amod|^|nn|^|dobj|^||^|det|^|amod|^|prep_in|^||^|num|^|nn|^|prep_of|^||^|nn|^|nn|^|dep|^|advmod|^|dep|^|dep|^|dep|^||^|dep|^|	0|^|5|^|5|^|5|^|7|^|7|^|0|^|9|^|10|^|7|^|14|^|14|^|14|^|10|^|0|^|18|^|18|^|10|^|0|^|22|^|22|^|18|^|0|^|26|^|26|^|32|^|32|^|32|^|32|^|32|^|0|^|7|^|0	{20}	{3}
Deficiency|^|of|^|PICK1|^|or|^|ICA69|^|in|^|mice|^|led|^|to|^|diabetes-like|^|phenotypes|^|characterized|^|by|^|glucose|^|intolerance|^|,|^|insufficient|^|insulin|^|release|^|,|^|and|^|elevated|^|proinsulin|^|secretion|^|.	deficiency|^|of|^|pick1|^|or|^|ica69|^|in|^|mouse|^|lead|^|to|^|diabetes-like|^|phenotype|^|characterize|^|by|^|glucose|^|intolerance|^|,|^|insufficient|^|insulin|^|release|^|,|^|and|^|elevated|^|proinsulin|^|secretion|^|.	NN|^|IN|^|NN|^|CC|^|NN|^|IN|^|NNS|^|VBD|^|TO|^|JJ|^|NNS|^|VBN|^|IN|^|NN|^|NN|^|,|^|JJ|^|NN|^|NN|^|,|^|CC|^|JJ|^|NN|^|NN|^|.	nsubj|^||^|prep_of|^||^|conj_or|^||^|prep_in|^||^||^|amod|^|prep_to|^|vmod|^||^|nn|^|agent|^||^|amod|^|nn|^|conj_and|^||^||^|amod|^|nn|^|conj_and|^|	8|^|0|^|1|^|0|^|3|^|0|^|1|^|0|^|0|^|11|^|8|^|11|^|0|^|15|^|12|^|0|^|19|^|19|^|15|^|0|^|0|^|24|^|24|^|15|^|0	{2}	{13,14}
Furthermore|^|,|^|greater|^|attention|^|to|^|`|^|adult|^|'|^|CF|^|has|^|also|^|led|^|us|^|to|^|identify|^|,|^|with|^|increased|^|frequency|^|,|^|atypical|^|presentations|^|of|^|dysfunction|^|of|^|cystic|^|fibrosis|^|transmembrane|^|conductance|^|regulator|^|-LRB-|^|CFTR|^|-RRB-|^|:|^|chronic|^|pancreatitis|^|,|^|congenital|^|bilateral|^|absence|^|of|^|the|^|vas|^|deferens|^|-LRB-|^|CBAVD|^|-RRB-|^|,|^|chronic|^|sinusitis|^|,|^|and|^|allergic|^|bronchopulmonary|^|aspergillosis|^|.	furthermore|^|,|^|greater|^|attention|^|to|^|`|^|adult|^|'|^|cf|^|have|^|also|^|lead|^|we|^|to|^|identify|^|,|^|with|^|increase|^|frequency|^|,|^|atypical|^|presentation|^|of|^|dysfunction|^|of|^|cystic|^|fibrosis|^|transmembrane|^|conductance|^|regulator|^|-lrb-|^|cftr|^|-rrb-|^|:|^|chronic|^|pancreatitis|^|,|^|congenital|^|bilateral|^|absence|^|of|^|the|^|vas|^|deferens|^|-lrb-|^|cbavd|^|-rrb-|^|,|^|chronic|^|sinusitis|^|,|^|and|^|allergic|^|bronchopulmonary|^|aspergillosis|^|.	RB|^|,|^|JJR|^|NN|^|TO|^|``|^|JJ|^|''|^|NN|^|VBZ|^|RB|^|VBN|^|PRP|^|TO|^|VB|^|,|^|IN|^|VBN|^|NN|^|,|^|JJ|^|NNS|^|IN|^|NN|^|IN|^|JJ|^|NN|^|NN|^|NN|^|NN|^|-LRB-|^|NN|^|-RRB-|^|:|^|JJ|^|NN|^|,|^|JJ|^|JJ|^|NN|^|IN|^|DT|^|FW|^|FW|^|-LRB-|^|NN|^|-RRB-|^|,|^|JJ|^|NN|^|,|^|CC|^|JJ|^|JJ|^|NN|^|.	dep|^||^|amod|^|nsubj|^||^||^|amod|^||^|prep_to|^|aux|^|advmod|^|dep|^|dobj|^|aux|^|xcomp|^||^||^|amod|^|prep_with|^||^|amod|^||^||^|prep_of|^||^|amod|^|nn|^|nn|^|nn|^|prep_of|^||^|appos|^||^||^|amod|^|dep|^||^|amod|^|amod|^|appos|^||^|det|^|prep_of|^|dep|^||^|num|^||^||^|amod|^|conj_and|^||^||^|amod|^|amod|^|conj_and|^|	22|^|0|^|4|^|12|^|0|^|0|^|9|^|0|^|4|^|12|^|12|^|22|^|12|^|15|^|12|^|0|^|0|^|19|^|12|^|0|^|22|^|0|^|0|^|22|^|0|^|30|^|30|^|30|^|30|^|24|^|0|^|30|^|0|^|0|^|36|^|22|^|0|^|40|^|40|^|36|^|0|^|43|^|40|^|46|^|0|^|43|^|0|^|0|^|50|^|43|^|0|^|0|^|55|^|55|^|43|^|0	{31}	{34,35}
Probes|^|targeting|^|all|^|coding|^|exons|^|,|^|noncoding|^|exons|^|,|^|and|^|untranslated|^|regions|^|of|^|111|^|known|^|blindness|^|genes|^|were|^|included|^|on|^|these|^|arrays|^|,|^|as|^|well|^|as|^|probes|^|for|^|a|^|fragment|^|of|^|intron|^|26|^|of|^|_|^|CEP290|^|_|^|-LRB-|^|MIM|^|#|^|610,142|^|-RRB-|^|that|^|harbors|^|a|^|frequent|^|mutation|^|causing|^|Leber|^|congenital|^|amaurosis|^|-LRB-|^|MIM|^|#|^|204,000|^|;|^|Supp|^|.	probe|^|target|^|all|^|code|^|exon|^|,|^|noncoding|^|exon|^|,|^|and|^|untranslated|^|region|^|of|^|111|^|known|^|blindness|^|gene|^|be|^|include|^|on|^|these|^|array|^|,|^|as|^|well|^|as|^|probe|^|for|^|a|^|fragment|^|of|^|intron|^|26|^|of|^|_|^|cep290|^|_|^|-lrb-|^|MIM|^|#|^|610,142|^|-rrb-|^|that|^|harbor|^|a|^|frequent|^|mutation|^|cause|^|Leber|^|congenital|^|amaurosis|^|-lrb-|^|MIM|^|#|^|204,000|^|;|^|Supp|^|.	NNS|^|VBG|^|DT|^|VBG|^|NNS|^|,|^|JJ|^|NNS|^|,|^|CC|^|JJ|^|NNS|^|IN|^|CD|^|JJ|^|NN|^|NNS|^|VBD|^|VBN|^|IN|^|DT|^|NNS|^|,|^|RB|^|RB|^|IN|^|NNS|^|IN|^|DT|^|NN|^|IN|^|NN|^|CD|^|IN|^|CD|^|NN|^|NN|^|-LRB-|^|NNP|^|#|^|CD|^|-RRB-|^|WDT|^|VBZ|^|DT|^|JJ|^|NN|^|VBG|^|NNP|^|JJ|^|NN|^|-LRB-|^|NNP|^|#|^|CD|^|:|^|NNP|^|.	nsubj|^||^|det|^|amod|^|dobj|^||^|amod|^|nsubjpass|^||^||^|amod|^|conj_and|^||^|num|^|amod|^|nn|^|prep_of|^|auxpass|^|ccomp|^|prep|^|det|^|pobj|^||^||^||^||^|conj_and|^||^|det|^|prep_for|^||^|prep_of|^|num|^||^|num|^|nn|^|prep_of|^||^|dep|^|dep|^|num|^||^|nsubj|^|ccomp|^|det|^|amod|^|dobj|^|vmod|^|nn|^|amod|^|dobj|^||^|dep|^|dep|^|num|^||^|dep|^|	2|^|0|^|5|^|5|^|2|^|0|^|8|^|19|^|0|^|0|^|12|^|8|^|0|^|17|^|17|^|17|^|12|^|19|^|2|^|19|^|22|^|20|^|0|^|0|^|0|^|0|^|20|^|0|^|30|^|27|^|0|^|30|^|32|^|0|^|37|^|37|^|32|^|0|^|2|^|39|^|39|^|0|^|44|^|2|^|47|^|47|^|44|^|47|^|51|^|51|^|48|^|0|^|2|^|53|^|53|^|0|^|53|^|0	{35}	{49,50}
MO|^|is|^|known|^|as|^|a|^|genetic|^|syndrome|^|manifesting|^|by|^|the|^|formation|^|of|^|multiple|^|osteochondromas|^|caused|^|by|^|the|^|inactivation|^|of|^|_|^|EXT1|^|_|^|or|^|_|^|EXT2|^|_|^|.	MO|^|be|^|know|^|as|^|a|^|genetic|^|syndrome|^|manifest|^|by|^|the|^|formation|^|of|^|multiple|^|osteochondroma|^|cause|^|by|^|the|^|inactivation|^|of|^|_|^|ext1|^|_|^|or|^|_|^|ext2|^|_|^|.	NNP|^|VBZ|^|VBN|^|IN|^|DT|^|JJ|^|NN|^|VBG|^|IN|^|DT|^|NN|^|IN|^|JJ|^|NNS|^|VBN|^|IN|^|DT|^|NN|^|IN|^|CD|^|NN|^|CD|^|CC|^|CD|^|NN|^|NN|^|.	nsubjpass|^|auxpass|^||^||^|det|^|amod|^|prep_as|^|vmod|^||^|det|^|agent|^||^|amod|^|prep_of|^|vmod|^||^|det|^|agent|^||^|number|^|nn|^|number|^||^|conj_or|^|nn|^|prep_of|^|	3|^|3|^|0|^|0|^|7|^|7|^|3|^|7|^|0|^|11|^|8|^|0|^|14|^|11|^|14|^|0|^|18|^|15|^|0|^|21|^|26|^|21|^|0|^|21|^|26|^|18|^|0	{20}	{13}
Mutations|^|and|^|deletions|^|of|^|the|^|_|^|EP300|^|_|^|or|^|_|^|CREBBP|^|_|^|genes|^|give|^|rise|^|to|^|the|^|Rubinstein-Taybi|^|syndrome|^|-LRB-|^|characterized|^|by|^|broad|^|thumbs|^|and|^|toes|^|,|^|short|^|stature|^|,|^|distinctive|^|facial|^|features|^|,|^|impairments|^|in|^|cognitive|^|and|^|motor|^|skills|^|and|^|micro|^|-|^|or|^|macrocephaly|^|;|^|for|^|review|^|see|^|-LRB-|^|-RRB-|^|-RRB-|^|.	mutation|^|and|^|deletion|^|of|^|the|^|_|^|ep300|^|_|^|or|^|_|^|crebbp|^|_|^|gene|^|give|^|rise|^|to|^|the|^|rubinstein-taybus|^|syndrome|^|-lrb-|^|characterize|^|by|^|broad|^|thumb|^|and|^|toe|^|,|^|short|^|stature|^|,|^|distinctive|^|facial|^|feature|^|,|^|impairment|^|in|^|cognitive|^|and|^|motor|^|skill|^|and|^|micro|^|-|^|or|^|macrocephaly|^|;|^|for|^|review|^|see|^|-lrb-|^|-rrb-|^|-rrb-|^|.	NNS|^|CC|^|NNS|^|IN|^|DT|^|CD|^|NN|^|CD|^|CC|^|CD|^|NN|^|NN|^|NNS|^|VBP|^|NN|^|TO|^|DT|^|NN|^|NN|^|-LRB-|^|VBN|^|IN|^|JJ|^|NNS|^|CC|^|NNS|^|,|^|JJ|^|NN|^|,|^|JJ|^|JJ|^|NNS|^|,|^|NNS|^|IN|^|JJ|^|CC|^|NN|^|NNS|^|CC|^|JJ|^|:|^|CC|^|RB|^|:|^|IN|^|NN|^|VBP|^|-LRB-|^|-RRB-|^|-RRB-|^|.	nsubj|^||^|conj_and|^||^|det|^|num|^|num|^|num|^||^|conj_or|^|nn|^|nn|^|prep_of|^||^|dobj|^|dep|^|det|^|nn|^|nsubj|^||^|dep|^||^|amod|^|prep_by|^||^|conj_and|^||^|amod|^|appos|^||^|amod|^|amod|^|appos|^||^|appos|^||^|amod|^||^|conj_and|^|prep_in|^||^|conj_and|^||^|cc|^|dep|^||^||^|prep_for|^|ccomp|^||^||^||^|	14|^|0|^|1|^|0|^|13|^|7|^|13|^|7|^|0|^|7|^|13|^|13|^|1|^|0|^|14|^|21|^|19|^|19|^|21|^|0|^|14|^|0|^|24|^|21|^|0|^|24|^|0|^|29|^|24|^|0|^|33|^|33|^|24|^|0|^|24|^|0|^|40|^|0|^|37|^|35|^|0|^|40|^|0|^|45|^|42|^|0|^|0|^|42|^|21|^|0|^|0|^|0|^|0	{10}	{34,35,36}
Unfortunately|^|,|^|the|^|efficacy|^|of|^|CI|^|inhibitor|^|concentration|^|for|^|type|^|III|^|HAE|^|caused|^|by|^|mutations|^|in|^|the|^|F12|^|gene|^|varies|^|substantially|^|from|^|very|^|to|^|not|^|at|^|all|^|effective|^|-LRB-|^|-RRB-|^|.	unfortunately|^|,|^|the|^|efficacy|^|of|^|ci|^|inhibitor|^|concentration|^|for|^|type|^|iii|^|ha|^|cause|^|by|^|mutation|^|in|^|the|^|f12|^|gene|^|vary|^|substantially|^|from|^|very|^|to|^|not|^|at|^|all|^|effective|^|-lrb-|^|-rrb-|^|.	RB|^|,|^|DT|^|NN|^|IN|^|NN|^|NN|^|NN|^|IN|^|NN|^|CD|^|NN|^|VBN|^|IN|^|NNS|^|IN|^|DT|^|NN|^|NN|^|VBZ|^|RB|^|IN|^|RB|^|TO|^|RB|^|IN|^|DT|^|JJ|^|-LRB-|^|-RRB-|^|.	advmod|^||^|det|^|nsubj|^||^|nn|^|nn|^|prep_of|^||^|nn|^|num|^|prep_for|^|vmod|^||^|agent|^||^|det|^|nn|^|prep_in|^||^|advmod|^|prep|^|dep|^|dep|^|dep|^||^|det|^|prep_at|^||^||^|	20|^|0|^|4|^|20|^|0|^|8|^|8|^|4|^|0|^|12|^|12|^|8|^|12|^|0|^|13|^|0|^|19|^|19|^|15|^|0|^|20|^|20|^|25|^|25|^|22|^|0|^|28|^|25|^|0|^|0|^|0	{17}	{11}
17α-Hydroxylase|^|/|^|17,20-lyase|^|deficiency|^|-LRB-|^|17OHD|^|-RRB-|^|caused|^|by|^|a|^|mutation|^|in|^|the|^|CYP17A1|^|gene|^|is|^|characterized|^|by|^|hypertension|^|,|^|hypokalemia|^|,|^|and|^|abnormal|^|development|^|of|^|the|^|genitalia|^|.	17α-hydroxylase|^|/|^|17,20-lyase|^|deficiency|^|-lrb-|^|17ohd|^|-rrb-|^|cause|^|by|^|a|^|mutation|^|in|^|the|^|cyp17a1|^|gene|^|be|^|characterize|^|by|^|hypertension|^|,|^|hypokalemia|^|,|^|and|^|abnormal|^|development|^|of|^|the|^|genitalium|^|.	NN|^|:|^|JJ|^|NN|^|-LRB-|^|NN|^|-RRB-|^|VBN|^|IN|^|DT|^|NN|^|IN|^|DT|^|NN|^|NN|^|VBZ|^|VBN|^|IN|^|NN|^|,|^|NN|^|,|^|CC|^|JJ|^|NN|^|IN|^|DT|^|NNS|^|.	nn|^|punct|^|amod|^|nsubjpass|^||^|appos|^||^|vmod|^||^|det|^|agent|^||^|det|^|nn|^|prep_in|^|auxpass|^||^||^|agent|^||^|conj_and|^||^||^|amod|^|conj_and|^||^|det|^|prep_of|^|	4|^|4|^|4|^|17|^|0|^|4|^|0|^|4|^|0|^|11|^|8|^|0|^|15|^|15|^|11|^|17|^|0|^|0|^|17|^|0|^|19|^|0|^|0|^|25|^|19|^|0|^|28|^|19|^|0	{13}	{20}
ROMK|^|and|^|NKCC2|^|patients|^|presented|^|with|^|polyhydramnios|^|,|^|nephrocalcinosis|^|,|^|and|^|hypo|^|-|^|or|^|isosthenuria|^|.	romk|^|and|^|nkcc2|^|patient|^|present|^|with|^|polyhydramnio|^|,|^|nephrocalcinosis|^|,|^|and|^|hypo|^|-|^|or|^|isosthenurium|^|.	NN|^|CC|^|NN|^|NNS|^|VBN|^|IN|^|NNS|^|,|^|NN|^|,|^|CC|^|NN|^|:|^|CC|^|NN|^|.	|^||^|nn|^|conj_and|^|vmod|^||^|prep_with|^||^|conj_and|^||^||^|conj_and|^||^||^|conj_or|^|	0|^|0|^|4|^|1|^|4|^|0|^|5|^|0|^|7|^|0|^|0|^|7|^|0|^|0|^|7|^|0	{2}	{8}
Mutations|^|in|^|the|^|glycogen|^|synthase|^|kinase|^|3beta|^|-LRB-|^|GSK3beta|^|-RRB-|^|phosphorylation|^|sites|^|of|^|the|^|beta-catenin|^|gene|^|exon|^|3|^|are|^|found|^|in|^|20-30|^|%|^|of|^|human|^|primary|^|hepatocellular|^|carcinoma|^|-LRB-|^|HCC|^|-RRB-|^|,|^|whereas|^|mutations|^|in|^|the|^|APC|^|or|^|AXIN|^|genes|^|are|^|found|^|in|^|other|^|HCC|^|populations|^|.	mutation|^|in|^|the|^|glycogen|^|synthase|^|kinase|^|3beta|^|-lrb-|^|gsk3beta|^|-rrb-|^|phosphorylation|^|site|^|of|^|the|^|beta-catenin|^|gene|^|exon|^|3|^|be|^|find|^|in|^|20-30|^|%|^|of|^|human|^|primary|^|hepatocellular|^|carcinoma|^|-lrb-|^|hcc|^|-rrb-|^|,|^|whereas|^|mutation|^|in|^|the|^|apc|^|or|^|axin|^|gene|^|be|^|find|^|in|^|other|^|hcc|^|population|^|.	NNS|^|IN|^|DT|^|NN|^|NN|^|NN|^|NN|^|-LRB-|^|NN|^|-RRB-|^|NN|^|NNS|^|IN|^|DT|^|NN|^|NN|^|NN|^|CD|^|VBP|^|VBN|^|IN|^|CD|^|NN|^|IN|^|JJ|^|JJ|^|JJ|^|NN|^|-LRB-|^|NN|^|-RRB-|^|,|^|IN|^|NNS|^|IN|^|DT|^|NN|^|CC|^|NN|^|NNS|^|VBP|^|VBN|^|IN|^|JJ|^|NN|^|NNS|^|.	nsubjpass|^||^|det|^|nn|^|nn|^|nn|^|prep_in|^||^|appos|^||^|nn|^|dep|^||^|det|^|nn|^|nn|^|prep_of|^|num|^|auxpass|^||^||^|num|^|prep_in|^||^|amod|^|amod|^|amod|^|prep_of|^||^|appos|^||^||^|dep|^|nsubjpass|^||^|dep|^|prep_in|^||^|conj_or|^|dep|^|auxpass|^|parataxis|^||^|amod|^|nn|^|prep_in|^|	20|^|0|^|7|^|7|^|7|^|7|^|1|^|0|^|7|^|0|^|12|^|7|^|0|^|17|^|17|^|17|^|7|^|17|^|20|^|0|^|0|^|23|^|20|^|0|^|28|^|28|^|28|^|23|^|0|^|28|^|0|^|0|^|20|^|42|^|0|^|37|^|34|^|0|^|37|^|37|^|42|^|20|^|0|^|46|^|46|^|42|^|0	{14}	{29}
Mutations|^|in|^|Cu/Zn|^|superoxide|^|dismutase|^|-LRB-|^|SOD1|^|-RRB-|^|cause|^|a|^|subset|^|of|^|cases|^|of|^|familial|^|amyotrophic|^|lateral|^|sclerosis|^|.	mutation|^|in|^|cu/zn|^|superoxide|^|dismutase|^|-lrb-|^|sod1|^|-rrb-|^|cause|^|a|^|subset|^|of|^|case|^|of|^|familial|^|amyotrophic|^|lateral|^|sclerosis|^|.	NNS|^|IN|^|NN|^|NN|^|NN|^|-LRB-|^|NN|^|-RRB-|^|VBP|^|DT|^|NN|^|IN|^|NNS|^|IN|^|JJ|^|JJ|^|JJ|^|NN|^|.	nsubj|^||^|nn|^|nn|^|prep_in|^||^|appos|^||^||^|det|^|dobj|^||^|prep_of|^||^|amod|^|amod|^|amod|^|prep_of|^|	9|^|0|^|5|^|5|^|1|^|0|^|5|^|0|^|0|^|11|^|9|^|0|^|11|^|0|^|18|^|18|^|18|^|13|^|0	{6}	{15,16,17}
Osaka|^|et|^|al|^|identified|^|a|^|novel|^|_|^|SCN1A|^|_|^|mutations|^|in|^|two|^|patients|^|with|^|both|^|seizures|^|and|^|psychiatric|^|disorders|^|including|^|panic|^|disorder|^|and|^|Asperger|^|syndrome|^|.	Osaka|^|et|^|al|^|identify|^|a|^|novel|^|_|^|scn1a|^|_|^|mutation|^|in|^|two|^|patient|^|with|^|both|^|seizure|^|and|^|psychiatric|^|disorder|^|include|^|panic|^|disorder|^|and|^|asperger|^|syndrome|^|.	NNP|^|NNP|^|NNP|^|VBD|^|DT|^|JJ|^|NN|^|NN|^|NN|^|NNS|^|IN|^|CD|^|NNS|^|IN|^|DT|^|NNS|^|CC|^|JJ|^|NNS|^|VBG|^|NN|^|NN|^|CC|^|NN|^|NN|^|.	nn|^|nn|^|nsubj|^||^|det|^|amod|^|nn|^|nn|^|nn|^|dobj|^||^|num|^|prep_in|^||^|preconj|^|prep_with|^||^|amod|^|conj_and|^||^|nn|^|prep_including|^||^|nn|^|conj_and|^|	3|^|3|^|4|^|0|^|10|^|10|^|10|^|10|^|10|^|4|^|0|^|13|^|10|^|0|^|16|^|13|^|0|^|19|^|16|^|0|^|22|^|16|^|0|^|25|^|22|^|0	{7}	{15}
A|^|role|^|for|^|KLF3|^|in|^|cardiac|^|valve|^|development|^|was|^|detected|^|in|^|our|^|ENU|^|mutagenesis|^|screen|^|,|^|in|^|which|^|high|^|aortic|^|blood|^|velocity|^|revealed|^|aortic|^|semilunar|^|valve|^|stenosis|^|in|^|heterozygous|^|adults|^|with|^|_|^|Klf3_H275R|^|point|^|mutations|^|.	a|^|role|^|for|^|klf3|^|in|^|cardiac|^|valve|^|development|^|be|^|detect|^|in|^|we|^|enu|^|mutagenesis|^|screen|^|,|^|in|^|which|^|high|^|aortic|^|blood|^|velocity|^|reveal|^|aortic|^|semilunar|^|valve|^|stenosis|^|in|^|heterozygous|^|adult|^|with|^|_|^|klf3_h275r|^|point|^|mutation|^|.	DT|^|NN|^|IN|^|NN|^|IN|^|JJ|^|NN|^|NN|^|VBD|^|VBN|^|IN|^|PRP$|^|JJ|^|NN|^|NN|^|,|^|IN|^|WDT|^|JJ|^|JJ|^|NN|^|NN|^|VBD|^|JJ|^|NN|^|NN|^|NN|^|IN|^|JJ|^|NNS|^|IN|^|NN|^|NN|^|NN|^|NNS|^|.	det|^|nsubjpass|^||^|prep_for|^||^|amod|^|nn|^|prep_in|^|auxpass|^||^||^|poss|^|amod|^|nn|^|prep_in|^||^||^|prep_in|^|amod|^|amod|^|nn|^|nsubj|^|rcmod|^|amod|^|nn|^|nn|^|dobj|^||^|amod|^|prep_in|^||^|nn|^|nn|^|nn|^|prep_with|^|	2|^|10|^|0|^|2|^|0|^|8|^|8|^|2|^|10|^|0|^|0|^|15|^|15|^|15|^|10|^|0|^|0|^|23|^|22|^|22|^|22|^|23|^|15|^|27|^|27|^|27|^|23|^|0|^|30|^|27|^|0|^|35|^|35|^|35|^|30|^|0	{3}	{23,24,25,26}
We|^|describe|^|clinical|^|,|^|genetic|^|and|^|nigrostriatal|^|dopaminergic|^|imaging|^|-LRB-|^|-LRB-|^|123I|^|-RRB-|^|N-ω-fluoropropyl-2β-carbomethoxy-3β|^|-|^|-LRB-|^|4-iodophenyl|^|-RRB-|^|tropane|^|single|^|photon|^|computed|^|tomography|^|-RRB-|^|findings|^|of|^|four|^|unrelated|^|pedigrees|^|with|^|DOPA-responsive|^|dystonia|^|in|^|which|^|pathogenic|^|_|^|GCH1|^|_|^|variants|^|were|^|identified|^|in|^|family|^|members|^|with|^|adult-onset|^|parkinsonism|^|.	we|^|describe|^|clinical|^|,|^|genetic|^|and|^|nigrostriatal|^|dopaminergic|^|imaging|^|-lrb-|^|-lrb-|^|123us|^|-rrb-|^|n-ω-fluoropropyl-2β-carbomethoxy-3β|^|-|^|-lrb-|^|4-iodophenyl|^|-rrb-|^|tropane|^|single|^|photon|^|compute|^|tomography|^|-rrb-|^|finding|^|of|^|four|^|unrelated|^|pedigree|^|with|^|dopa-responsive|^|dystonium|^|in|^|which|^|pathogenic|^|_|^|gch1|^|_|^|variant|^|be|^|identify|^|in|^|family|^|member|^|with|^|adult-onset|^|parkinsonism|^|.	PRP|^|VBP|^|JJ|^|,|^|JJ|^|CC|^|JJ|^|JJ|^|NN|^|-LRB-|^|-LRB-|^|NN|^|-RRB-|^|NN|^|:|^|-LRB-|^|NN|^|-RRB-|^|NN|^|JJ|^|NN|^|VBD|^|NN|^|-RRB-|^|NNS|^|IN|^|CD|^|JJ|^|NNS|^|IN|^|JJ|^|NN|^|IN|^|WDT|^|JJ|^|NN|^|NN|^|CD|^|NNS|^|VBD|^|VBN|^|IN|^|NN|^|NNS|^|IN|^|JJ|^|NN|^|.	|^|dep|^|amod|^||^|conj_and|^||^|conj_and|^|amod|^|dep|^||^||^|nn|^||^|nn|^||^||^|appos|^||^|nn|^|amod|^|nsubj|^|dep|^|dobj|^||^|dep|^||^|num|^|amod|^|prep_of|^||^|amod|^|prep_with|^||^|prep_in|^|amod|^|nn|^|nn|^|num|^|nsubjpass|^|auxpass|^|rcmod|^||^|nn|^|prep_in|^||^|amod|^|prep_with|^|	0|^|9|^|9|^|0|^|3|^|0|^|3|^|9|^|1|^|0|^|0|^|14|^|0|^|25|^|0|^|0|^|21|^|0|^|21|^|21|^|22|^|25|^|22|^|0|^|9|^|0|^|29|^|29|^|25|^|0|^|32|^|29|^|0|^|41|^|39|^|39|^|39|^|39|^|41|^|41|^|32|^|0|^|44|^|41|^|0|^|47|^|44|^|0	{36}	{46}
This|^|study|^|identifies|^|a|^|novel|^|mutation|^|in|^|the|^|DSPP|^|gene|^|,|^|and|^|expands|^|the|^|spectrum|^|of|^|mutations|^|that|^|cause|^|DGI|^|.	this|^|study|^|identify|^|a|^|novel|^|mutation|^|in|^|the|^|dspp|^|gene|^|,|^|and|^|expand|^|the|^|spectrum|^|of|^|mutation|^|that|^|cause|^|DGI|^|.	DT|^|NN|^|VBZ|^|DT|^|JJ|^|NN|^|IN|^|DT|^|NN|^|NN|^|,|^|CC|^|VBZ|^|DT|^|NN|^|IN|^|NNS|^|WDT|^|VBP|^|NNP|^|.	det|^|nsubj|^||^|det|^|amod|^|dobj|^||^|det|^|nn|^|prep_in|^||^||^|conj_and|^|det|^|dobj|^||^|prep_of|^|nsubj|^|rcmod|^|dobj|^|	2|^|3|^|0|^|6|^|6|^|3|^|0|^|10|^|10|^|6|^|0|^|0|^|3|^|15|^|13|^|0|^|15|^|19|^|17|^|19|^|0	{8}	{19}
-|^|Indeed|^|,|^|rare|^|cases|^|of|^|ALS|^|and|^|FTD|^|are|^|caused|^|by|^|mutations|^|in|^|TDP-43|^|and|^|FUS|^|,|^|and|^|these|^|mutations|^|can|^|occur|^|within|^|the|^|predicted|^|PrLD|^|.	-|^|indeed|^|,|^|rare|^|case|^|of|^|ALS|^|and|^|FTD|^|be|^|cause|^|by|^|mutation|^|in|^|tdp-43|^|and|^|fus|^|,|^|and|^|these|^|mutation|^|can|^|occur|^|within|^|the|^|predict|^|prld|^|.	:|^|RB|^|,|^|JJ|^|NNS|^|IN|^|NNP|^|CC|^|NNP|^|VBP|^|VBN|^|IN|^|NNS|^|IN|^|NN|^|CC|^|NN|^|,|^|CC|^|DT|^|NNS|^|MD|^|VB|^|IN|^|DT|^|VBN|^|NN|^|.	|^|advmod|^||^|amod|^|nsubjpass|^||^|prep_of|^||^|conj_and|^|auxpass|^||^||^|agent|^||^|prep_in|^||^|conj_and|^||^|cc|^|det|^|nsubj|^|aux|^|ccomp|^||^|det|^|amod|^|prep_within|^|	0|^|11|^|0|^|5|^|11|^|0|^|5|^|0|^|7|^|11|^|0|^|0|^|11|^|0|^|13|^|0|^|15|^|0|^|11|^|21|^|23|^|23|^|11|^|0|^|27|^|27|^|23|^|0	{14}	{6}
Inclusion|^|body|^|myopathy|^|with|^|Paget|^|disease|^|and|^|frontotemporal|^|dementia|^|-LRB-|^|IBMPFD|^|-RRB-|^|is|^|caused|^|by|^|mutations|^|in|^|the|^|valosin-containing|^|protein|^|-LRB-|^|VCP|^|-RRB-|^|gene|^|.	inclusion|^|body|^|myopathy|^|with|^|paget|^|disease|^|and|^|frontotemporal|^|dementia|^|-lrb-|^|ibmpfd|^|-rrb-|^|be|^|cause|^|by|^|mutation|^|in|^|the|^|valosin-containing|^|protein|^|-lrb-|^|vcp|^|-rrb-|^|gene|^|.	NN|^|NN|^|NN|^|IN|^|NN|^|NN|^|CC|^|NN|^|NN|^|-LRB-|^|NN|^|-RRB-|^|VBZ|^|VBN|^|IN|^|NNS|^|IN|^|DT|^|JJ|^|NN|^|-LRB-|^|NN|^|-RRB-|^|NN|^|.	nn|^|nn|^|nsubjpass|^||^|nn|^|prep_with|^||^|nn|^|conj_and|^||^|appos|^||^|auxpass|^||^||^|agent|^||^|det|^|amod|^|nn|^||^|nn|^||^|prep_in|^|	3|^|3|^|14|^|0|^|6|^|3|^|0|^|9|^|6|^|0|^|9|^|0|^|14|^|0|^|0|^|14|^|0|^|24|^|24|^|24|^|0|^|24|^|0|^|16|^|0	{21}	{2}
A|^|variety|^|of|^|deletional|^|and|^|point|^|mutations|^|has|^|been|^|identified|^|in|^|the|^|parkin|^|gene|^|on|^|chromosome|^|6q25.2-27|^|in|^|patients|^|with|^|autosomal|^|recessive|^|juvenile|^|parkinsonism|^|,|^|a|^|distinct|^|form|^|of|^|familial|^|Parkinson|^|'s|^|disease|^|-LRB-|^|PD|^|-RRB-|^|.	a|^|variety|^|of|^|deletional|^|and|^|point|^|mutation|^|have|^|be|^|identify|^|in|^|the|^|parkin|^|gene|^|on|^|chromosome|^|6q25.2-27|^|in|^|patient|^|with|^|autosomal|^|recessive|^|juvenile|^|parkinsonism|^|,|^|a|^|distinct|^|form|^|of|^|familial|^|Parkinson|^|'s|^|disease|^|-lrb-|^|pd|^|-rrb-|^|.	DT|^|NN|^|IN|^|JJ|^|CC|^|NN|^|NNS|^|VBZ|^|VBN|^|VBN|^|IN|^|DT|^|NN|^|NN|^|IN|^|NN|^|NN|^|IN|^|NNS|^|IN|^|JJ|^|JJ|^|JJ|^|NN|^|,|^|DT|^|JJ|^|NN|^|IN|^|JJ|^|NNP|^|POS|^|NN|^|-LRB-|^|NN|^|-RRB-|^|.	det|^|nsubjpass|^||^|amod|^||^|conj_and|^|prep_of|^|aux|^|auxpass|^||^||^|det|^|nn|^|prep_in|^||^|nn|^|prep_on|^||^|prep_in|^||^|amod|^|amod|^|amod|^|prep_with|^||^|det|^|amod|^|appos|^||^|amod|^|poss|^||^|prep_of|^||^|appos|^||^|	2|^|10|^|0|^|7|^|0|^|4|^|2|^|10|^|10|^|0|^|0|^|14|^|14|^|10|^|0|^|17|^|14|^|0|^|14|^|0|^|24|^|24|^|24|^|19|^|0|^|28|^|28|^|24|^|0|^|31|^|33|^|0|^|28|^|0|^|33|^|0|^|0	{12}	{23}
Sequential|^|WT1|^|and|^|CTNNB1|^|mutations|^|and|^|alterations|^|of|^|beta-catenin|^|localisation|^|in|^|intralobar|^|nephrogenic|^|rests|^|and|^|associated|^|Wilms|^|tumours|^|:|^|two|^|case|^|studies|^|.	sequential|^|wt1|^|and|^|ctnnb1|^|mutation|^|and|^|alteration|^|of|^|beta-catenin|^|localisation|^|in|^|intralobar|^|nephrogenic|^|rest|^|and|^|associate|^|wilm|^|tumour|^|:|^|two|^|case|^|study|^|.	JJ|^|NN|^|CC|^|NN|^|NNS|^|CC|^|NNS|^|IN|^|NN|^|NN|^|IN|^|JJ|^|JJ|^|VBZ|^|CC|^|VBN|^|NN|^|NNS|^|:|^|CD|^|NN|^|NNS|^|.	amod|^||^||^|nn|^|conj_and|^||^|conj_and|^||^|nn|^|prep_of|^||^|amod|^|prep_in|^|dep|^||^|amod|^|nn|^|conj_and|^||^|num|^|nn|^|dep|^|	2|^|0|^|0|^|5|^|2|^|0|^|2|^|0|^|10|^|7|^|0|^|13|^|7|^|13|^|0|^|18|^|18|^|2|^|0|^|22|^|22|^|2|^|0	{3}	{11,12,13}
Mutations|^|in|^|KAL1|^|,|^|FGFR1|^|,|^|FGF8|^|,|^|PROK2|^|and|^|PROKR2|^|are|^|related|^|to|^|disruption|^|of|^|the|^|development|^|and|^|migration|^|of|^|GnRH|^|neurons|^|,|^|thereby|^|resulting|^|in|^|Kallmann|^|syndrome|^|,|^|a|^|complex|^|genetic|^|condition|^|characterized|^|by|^|isolated|^|hypogonadotropic|^|hypogonadism|^|-LRB-|^|IHH|^|-RRB-|^|and|^|olfactory|^|abnormalities|^|.	mutation|^|in|^|kal1|^|,|^|fgfr1|^|,|^|fgf8|^|,|^|prok2|^|and|^|prokr2|^|be|^|related|^|to|^|disruption|^|of|^|the|^|development|^|and|^|migration|^|of|^|gnrh|^|neuron|^|,|^|thereby|^|result|^|in|^|Kallmann|^|syndrome|^|,|^|a|^|complex|^|genetic|^|condition|^|characterize|^|by|^|isolate|^|hypogonadotropic|^|hypogonadism|^|-lrb-|^|ihh|^|-rrb-|^|and|^|olfactory|^|abnormality|^|.	NNS|^|IN|^|NN|^|,|^|NN|^|,|^|NN|^|,|^|NN|^|CC|^|NN|^|VBP|^|JJ|^|TO|^|NN|^|IN|^|DT|^|NN|^|CC|^|NN|^|IN|^|NN|^|NNS|^|,|^|RB|^|VBG|^|IN|^|NNP|^|NN|^|,|^|DT|^|JJ|^|JJ|^|NN|^|VBN|^|IN|^|VBN|^|JJ|^|NN|^|-LRB-|^|NN|^|-RRB-|^|CC|^|JJ|^|NNS|^|.	nsubj|^||^|prep_in|^||^|conj_and|^||^|conj_and|^||^|conj_and|^||^|conj_and|^|cop|^||^||^|prep_to|^||^|det|^|prep_of|^||^|conj_and|^||^|nn|^|prep_of|^||^|advmod|^|xcomp|^||^|nn|^|prep_in|^||^|det|^|amod|^|amod|^|appos|^|vmod|^|mark|^|advcl|^|amod|^|dobj|^||^|appos|^||^||^|amod|^|conj_and|^|	13|^|0|^|1|^|0|^|3|^|0|^|3|^|0|^|3|^|0|^|3|^|13|^|0|^|0|^|13|^|0|^|18|^|15|^|0|^|18|^|0|^|23|^|18|^|0|^|26|^|13|^|0|^|29|^|26|^|0|^|34|^|34|^|34|^|29|^|34|^|37|^|35|^|39|^|37|^|0|^|39|^|0|^|0|^|45|^|39|^|0	{8}	{37,38}
Mutation|^|K42E|^|in|^|dehydrodolichol|^|diphosphate|^|synthase|^|-LRB-|^|DHDDS|^|-RRB-|^|causes|^|recessive|^|retinitis|^|pigmentosa|^|.	mutation|^|k42e|^|in|^|dehydrodolichol|^|diphosphate|^|synthase|^|-lrb-|^|dhdd|^|-rrb-|^|cause|^|recessive|^|retinitis|^|pigmentosa|^|.	NN|^|NN|^|IN|^|NN|^|NN|^|NN|^|-LRB-|^|NN|^|-RRB-|^|VBZ|^|JJ|^|NN|^|NN|^|.	nn|^|nsubj|^||^|nn|^|nn|^|prep_in|^||^|appos|^||^||^|amod|^|nn|^|dobj|^|	2|^|10|^|0|^|6|^|6|^|2|^|0|^|6|^|0|^|0|^|13|^|13|^|10|^|0	{7}	{11,12}
_|^|RUNX1|^|_|^|and|^|_|^|CBFB|^|_|^|,|^|both|^|rearranged|^|in|^|Acute|^|Myeloid|^|Leukemia|^|and|^|interfering|^|with|^|hematopoietic|^|differentiation|^|,|^|harbored|^|19|^|and|^|9|^|mutations|^|,|^|respectively|^|.	_|^|runx1|^|_|^|and|^|_|^|cbfb|^|_|^|,|^|both|^|rearrange|^|in|^|acute|^|myeloid|^|leukemia|^|and|^|interfere|^|with|^|hematopoietic|^|differentiation|^|,|^|harbor|^|19|^|and|^|9|^|mutation|^|,|^|respectively|^|.	NN|^|NN|^|CD|^|CC|^|CD|^|NN|^|NN|^|,|^|CC|^|VBN|^|IN|^|JJ|^|JJ|^|NN|^|CC|^|VBG|^|IN|^|JJ|^|NN|^|,|^|VBD|^|CD|^|CC|^|CD|^|NNS|^|,|^|RB|^|.	nn|^|nsubj|^|num|^||^|num|^|nn|^|conj_and|^||^|conj_and|^|dep|^|dep|^|amod|^|amod|^|pobj|^|cc|^|dep|^||^|amod|^|prep_with|^||^||^|num|^||^|conj_and|^|dobj|^||^|advmod|^|	2|^|21|^|2|^|0|^|7|^|7|^|2|^|0|^|2|^|9|^|9|^|14|^|14|^|11|^|9|^|9|^|0|^|19|^|16|^|0|^|0|^|25|^|0|^|22|^|21|^|0|^|21|^|0	{5}	{11,12,13}
This|^|past|^|year|^|,|^|the|^|genetic|^|causes|^|of|^|ALS|^|have|^|expanded|^|to|^|include|^|mutations|^|in|^|the|^|genes|^|_|^|OPTN|^|_|^|,|^|_|^|VCP|^|_|^|,|^|and|^|_|^|UBQLN2|^|_|^|,|^|and|^|the|^|hexanucleotide|^|repeat|^|expansion|^|in|^|_|^|C9ORF72|^|_|^|.	this|^|past|^|year|^|,|^|the|^|genetic|^|cause|^|of|^|ALS|^|have|^|expand|^|to|^|include|^|mutation|^|in|^|the|^|gene|^|_|^|OPTN|^|_|^|,|^|_|^|vcp|^|_|^|,|^|and|^|_|^|ubqln2|^|_|^|,|^|and|^|the|^|hexanucleotide|^|repeat|^|expansion|^|in|^|_|^|c9orf72|^|_|^|.	DT|^|JJ|^|NN|^|,|^|DT|^|JJ|^|NNS|^|IN|^|NNP|^|VBP|^|VBN|^|TO|^|VB|^|NNS|^|IN|^|DT|^|NNS|^|VBP|^|NNP|^|CD|^|,|^|CD|^|NN|^|NN|^|,|^|CC|^|NN|^|NN|^|NN|^|,|^|CC|^|DT|^|NN|^|NN|^|NN|^|IN|^|CD|^|NN|^|NN|^|.	det|^|amod|^|tmod|^||^|det|^|amod|^|nsubj|^||^|prep_of|^|aux|^||^|aux|^|xcomp|^|dobj|^||^|det|^|prep_in|^|dep|^|dobj|^|num|^||^|num|^|nn|^|conj_and|^||^||^|nn|^|nn|^|conj_and|^||^||^|det|^|nn|^|nn|^|conj_and|^|dep|^|num|^|nn|^|pobj|^|	3|^|3|^|11|^|0|^|7|^|7|^|11|^|0|^|7|^|11|^|0|^|13|^|11|^|13|^|0|^|17|^|14|^|11|^|18|^|19|^|0|^|24|^|24|^|19|^|0|^|0|^|29|^|29|^|19|^|0|^|0|^|35|^|35|^|35|^|11|^|35|^|39|^|39|^|36|^|0	{22}	{8}
Lack|^|of|^|functional|^|stereocilin|^|and|^|CATSPER2|^|-LRB-|^|a|^|voltage-gate|^|cation|^|channel|^|expressed|^|specifically|^|in|^|spermatozoa|^|-RRB-|^|may|^|explain|^|the|^|observed|^|deafness|^|and|^|male|^|infertility|^|phenotypes|^|.	lack|^|of|^|functional|^|stereocilin|^|and|^|catsper2|^|-lrb-|^|a|^|voltage-gate|^|cation|^|channel|^|express|^|specifically|^|in|^|spermatozoon|^|-rrb-|^|may|^|explain|^|the|^|observe|^|deafness|^|and|^|male|^|infertility|^|phenotype|^|.	NN|^|IN|^|JJ|^|NN|^|CC|^|NN|^|-LRB-|^|DT|^|NN|^|NN|^|NN|^|VBD|^|RB|^|IN|^|NN|^|-RRB-|^|MD|^|VB|^|DT|^|VBN|^|NN|^|CC|^|JJ|^|NN|^|NNS|^|.	nsubj|^||^|amod|^|prep_of|^||^|conj_and|^||^|det|^|nn|^|nn|^|dep|^|vmod|^|advmod|^||^|prep_in|^||^|aux|^||^|det|^|amod|^|dobj|^||^|amod|^|nn|^|conj_and|^|	18|^|0|^|4|^|1|^|0|^|4|^|0|^|11|^|11|^|11|^|4|^|11|^|12|^|0|^|12|^|0|^|18|^|0|^|21|^|21|^|18|^|0|^|25|^|25|^|21|^|0	{5}	{22,23}
Melanocortin-4|^|receptor|^|-LRB-|^|MC4R|^|-RRB-|^|mutations|^|have|^|been|^|reported|^|as|^|the|^|most|^|common|^|single|^|genetic|^|cause|^|of|^|obesity|^|in|^|some|^|populations|^|and|^|it|^|has|^|been|^|suggested|^|that|^|they|^|may|^|be|^|responsible|^|for|^|more|^|than|^|4|^|%|^|of|^|early-onset|^|obesity|^|.	melanocortin-4|^|receptor|^|-lrb-|^|mc4r|^|-rrb-|^|mutation|^|have|^|be|^|report|^|as|^|the|^|most|^|common|^|single|^|genetic|^|cause|^|of|^|obesity|^|in|^|some|^|population|^|and|^|it|^|have|^|be|^|suggest|^|that|^|they|^|may|^|be|^|responsible|^|for|^|more|^|than|^|4|^|%|^|of|^|early-onset|^|obesity|^|.	NN|^|NN|^|-LRB-|^|NN|^|-RRB-|^|NNS|^|VBP|^|VBN|^|VBN|^|IN|^|DT|^|RBS|^|JJ|^|JJ|^|JJ|^|NN|^|IN|^|NN|^|IN|^|DT|^|NNS|^|CC|^|PRP|^|VBZ|^|VBN|^|VBN|^|IN|^|PRP|^|MD|^|VB|^|JJ|^|IN|^|JJR|^|IN|^|CD|^|NN|^|IN|^|JJ|^|NN|^|.	nn|^|nn|^||^|appos|^||^|nsubjpass|^|aux|^|auxpass|^||^||^|det|^|advmod|^|amod|^|amod|^|amod|^|prep_as|^||^|prep_of|^||^|det|^|prep_in|^||^|nsubjpass|^|aux|^|auxpass|^|conj_and|^|mark|^|nsubj|^|aux|^|cop|^|ccomp|^||^|mwe|^|quantmod|^|num|^|prep_for|^||^|amod|^|prep_of|^|	2|^|6|^|0|^|2|^|0|^|9|^|9|^|9|^|0|^|0|^|16|^|13|^|16|^|16|^|16|^|9|^|0|^|16|^|0|^|21|^|9|^|0|^|26|^|26|^|26|^|9|^|31|^|31|^|31|^|31|^|26|^|0|^|34|^|35|^|36|^|31|^|0|^|39|^|36|^|0	{3}	{17}
Since|^|the|^|identification|^|of|^|the|^|NPHS1|^|gene|^|,|^|which|^|encodes|^|nephrin|^|,|^|various|^|investigators|^|have|^|demonstrated|^|that|^|the|^|NPHS1|^|mutation|^|is|^|a|^|frequent|^|cause|^|of|^|congenital|^|nephrotic|^|syndrome|^|-LRB-|^|CNS|^|-RRB-|^|;|^|it|^|is|^|found|^|in|^|98|^|%|^|of|^|Finnish|^|children|^|with|^|this|^|syndrome|^|and|^|in|^|39-80|^|%|^|of|^|non-Finnish|^|cases|^|.	since|^|the|^|identification|^|of|^|the|^|nphs1|^|gene|^|,|^|which|^|encode|^|nephrin|^|,|^|various|^|investigator|^|have|^|demonstrate|^|that|^|the|^|nphs1|^|mutation|^|be|^|a|^|frequent|^|cause|^|of|^|congenital|^|nephrotic|^|syndrome|^|-lrb-|^|cn|^|-rrb-|^|;|^|it|^|be|^|find|^|in|^|98|^|%|^|of|^|finnish|^|child|^|with|^|this|^|syndrome|^|and|^|in|^|39-80|^|%|^|of|^|non-finnish|^|case|^|.	IN|^|DT|^|NN|^|IN|^|DT|^|NN|^|NN|^|,|^|WDT|^|VBZ|^|NN|^|,|^|JJ|^|NNS|^|VBP|^|VBN|^|IN|^|DT|^|NN|^|NN|^|VBZ|^|DT|^|JJ|^|NN|^|IN|^|JJ|^|JJ|^|NN|^|-LRB-|^|NN|^|-RRB-|^|:|^|PRP|^|VBZ|^|VBN|^|IN|^|CD|^|NN|^|IN|^|JJ|^|NNS|^|IN|^|DT|^|NN|^|CC|^|IN|^|CD|^|NN|^|IN|^|JJ|^|NNS|^|.	|^|det|^|prep_since|^||^|det|^|nn|^|prep_of|^||^|nsubj|^|rcmod|^|dobj|^||^|amod|^|nsubj|^|aux|^|rcmod|^|mark|^|det|^|nn|^|nsubj|^|cop|^|det|^|amod|^|ccomp|^||^|amod|^|amod|^|prep_of|^||^|appos|^||^||^|nsubjpass|^|auxpass|^||^||^|num|^|conj_and|^||^|amod|^|prep_of|^||^|det|^|prep_with|^||^||^|num|^|prep_in|^||^|amod|^|prep_of|^|	0|^|3|^|35|^|0|^|7|^|7|^|3|^|0|^|10|^|7|^|10|^|0|^|14|^|16|^|16|^|7|^|24|^|20|^|20|^|24|^|24|^|24|^|24|^|16|^|0|^|28|^|28|^|24|^|0|^|28|^|0|^|0|^|35|^|35|^|0|^|0|^|38|^|38|^|0|^|41|^|38|^|0|^|44|^|38|^|0|^|0|^|48|^|38|^|0|^|51|^|48|^|0	{5}	{25,26,27}
It|^|was|^|shown|^|recently|^|that|^|mutations|^|of|^|the|^|ATRX|^|gene|^|give|^|rise|^|to|^|a|^|severe|^|,|^|X-linked|^|form|^|of|^|syndromal|^|mental|^|retardation|^|associated|^|with|^|alpha|^|thalassaemia|^|-LRB-|^|ATR-X|^|syndrome|^|-RRB-|^|.	it|^|be|^|show|^|recently|^|that|^|mutation|^|of|^|the|^|atrx|^|gene|^|give|^|rise|^|to|^|a|^|severe|^|,|^|x-linked|^|form|^|of|^|syndromal|^|mental|^|retardation|^|associate|^|with|^|alpha|^|thalassaemia|^|-lrb-|^|atr-x|^|syndrome|^|-rrb-|^|.	PRP|^|VBD|^|VBN|^|RB|^|IN|^|NNS|^|IN|^|DT|^|NN|^|NN|^|VBP|^|NN|^|TO|^|DT|^|JJ|^|,|^|JJ|^|NN|^|IN|^|JJ|^|JJ|^|NN|^|VBN|^|IN|^|NN|^|NN|^|-LRB-|^|NN|^|NN|^|-RRB-|^|.	nsubjpass|^|auxpass|^||^|advmod|^|mark|^|nsubj|^||^|det|^|nn|^|prep_of|^|ccomp|^|dobj|^||^|det|^|amod|^||^|dep|^|prep_to|^||^|amod|^|amod|^|prep_of|^|vmod|^||^|nn|^|prep_with|^||^|nn|^|appos|^||^|	3|^|3|^|0|^|3|^|11|^|11|^|0|^|10|^|10|^|6|^|3|^|11|^|0|^|18|^|18|^|0|^|15|^|11|^|0|^|22|^|22|^|18|^|22|^|0|^|26|^|23|^|0|^|29|^|26|^|0|^|0	{8}	{20,21}
In|^|MPS|^|IIIB|^|,|^|there|^|is|^|a|^|deficiency|^|in|^|the|^|enzyme|^|alpha-N-acetylglucosaminidase|^|-LRB-|^|NAGLU|^|-RRB-|^|and|^|early|^|clinical|^|symptoms|^|include|^|aggressive|^|behaviour|^|and|^|hyperactivity|^|followed|^|by|^|progressive|^|mental|^|retardation|^|.	in|^|mp|^|iiib|^|,|^|there|^|be|^|a|^|deficiency|^|in|^|the|^|enzyme|^|alpha-n-acetylglucosaminidase|^|-lrb-|^|naglu|^|-rrb-|^|and|^|early|^|clinical|^|symptom|^|include|^|aggressive|^|behaviour|^|and|^|hyperactivity|^|follow|^|by|^|progressive|^|mental|^|retardation|^|.	IN|^|NNS|^|NN|^|,|^|EX|^|VBZ|^|DT|^|NN|^|IN|^|DT|^|NN|^|NN|^|-LRB-|^|NN|^|-RRB-|^|CC|^|JJ|^|JJ|^|NNS|^|VBP|^|JJ|^|NN|^|CC|^|NN|^|VBN|^|IN|^|JJ|^|JJ|^|NN|^|.	|^|prep_in|^|dep|^||^|expl|^||^|det|^|nsubj|^||^|det|^|nn|^|prep_in|^||^|appos|^||^||^|amod|^|amod|^|conj_and|^|ccomp|^|amod|^|dobj|^||^|conj_and|^|vmod|^||^|amod|^|amod|^|agent|^|	0|^|6|^|2|^|0|^|6|^|0|^|8|^|20|^|0|^|12|^|12|^|8|^|0|^|12|^|0|^|0|^|19|^|19|^|12|^|6|^|22|^|20|^|0|^|22|^|22|^|0|^|29|^|29|^|25|^|0	{13}	{26,27,28}
Incomplete|^|movement|^|of|^|tropomyosin|^|on|^|the|^|actin|^|filament|^|,|^|resulting|^|in|^|disrupted|^|myosin|^|cross-bridge|^|cycling|^|kinetics|^|and|^|subsequent|^|muscle|^|weakness|^|,|^|has|^|been|^|described|^|in|^|muscle|^|fibers|^|from|^|a|^|patient|^|with|^|NM|^|who|^|was|^|compound|^|heterozygous|^|for|^|two|^|splice-site|^|mutations|^|in|^|_|^|NEB|^|_|^|.	incomplete|^|movement|^|of|^|tropomyosin|^|on|^|the|^|actin|^|filament|^|,|^|result|^|in|^|disrupt|^|myosin|^|cross-bridge|^|cycling|^|kinetics|^|and|^|subsequent|^|muscle|^|weakness|^|,|^|have|^|be|^|describe|^|in|^|muscle|^|fiber|^|from|^|a|^|patient|^|with|^|nm|^|who|^|be|^|compound|^|heterozygous|^|for|^|two|^|splice-site|^|mutation|^|in|^|_|^|NEB|^|_|^|.	JJ|^|NN|^|IN|^|NN|^|IN|^|DT|^|NN|^|NN|^|,|^|VBG|^|IN|^|VBN|^|NN|^|JJ|^|NN|^|NNS|^|CC|^|JJ|^|NN|^|NN|^|,|^|VBZ|^|VBN|^|VBN|^|IN|^|NN|^|NNS|^|IN|^|DT|^|NN|^|IN|^|NN|^|WP|^|VBD|^|JJ|^|JJ|^|IN|^|CD|^|JJ|^|NNS|^|IN|^|CD|^|NNP|^|CD|^|.	amod|^|nsubjpass|^||^|prep_of|^||^|det|^|nn|^|prep_on|^||^|vmod|^|amod|^|amod|^|nn|^|amod|^|nn|^|dobj|^||^|amod|^|nn|^|conj_and|^||^|aux|^|auxpass|^||^||^|nn|^|prep_in|^||^|det|^|prep_from|^||^|prep_with|^|nsubj|^|cop|^|amod|^|ccomp|^||^|num|^|amod|^|prep_for|^||^|num|^|prep_in|^|num|^|	2|^|24|^|0|^|2|^|0|^|8|^|8|^|2|^|0|^|2|^|16|^|16|^|16|^|16|^|16|^|10|^|0|^|20|^|20|^|16|^|0|^|24|^|24|^|0|^|0|^|27|^|24|^|0|^|30|^|27|^|0|^|30|^|36|^|36|^|36|^|24|^|0|^|40|^|40|^|36|^|0|^|43|^|40|^|43|^|0	{42}	{18,19}
In|^|early-onset|^|familial|^|AD|^|,|^|mutations|^|in|^|the|^|genes|^|related|^|to|^|the|^|amyloid|^|cascade|^|,|^|_|^|amyloid|^|precursor|^|protein|^|_|^|-LRB-|^|APP|^|-RRB-|^|,|^|_|^|presenilin|^|1|^|_|^|-LRB-|^|PS1|^|-RRB-|^|,|^|and|^|_|^|presenilin|^|2|^|_|^|-LRB-|^|PS2|^|-RRB-|^|,|^|have|^|been|^|found|^|.	in|^|early-onset|^|familial|^|ad|^|,|^|mutation|^|in|^|the|^|gene|^|relate|^|to|^|the|^|amyloid|^|cascade|^|,|^|_|^|amyloid|^|precursor|^|protein|^|_|^|-lrb-|^|app|^|-rrb-|^|,|^|_|^|presenilin|^|1|^|_|^|-lrb-|^|ps1|^|-rrb-|^|,|^|and|^|_|^|presenilin|^|2|^|_|^|-lrb-|^|ps2|^|-rrb-|^|,|^|have|^|be|^|find|^|.	IN|^|JJ|^|JJ|^|NN|^|,|^|NNS|^|IN|^|DT|^|NNS|^|VBN|^|TO|^|DT|^|NN|^|NN|^|,|^|CD|^|NN|^|NN|^|NN|^|NN|^|-LRB-|^|NN|^|-RRB-|^|,|^|NN|^|NN|^|CD|^|NN|^|-LRB-|^|NN|^|-RRB-|^|,|^|CC|^|NN|^|NN|^|CD|^|NN|^|-LRB-|^|NN|^|-RRB-|^|,|^|VBP|^|VBN|^|VBN|^|.	|^|amod|^|amod|^|prep_in|^||^|nsubjpass|^||^|det|^|prep_in|^|vmod|^||^|det|^|nn|^|prep_to|^||^|num|^|nn|^|nn|^|nn|^|conj_and|^||^|appos|^||^||^|nn|^|nn|^|num|^|conj_and|^||^|appos|^||^||^||^|nn|^|nn|^|num|^|conj_and|^||^|appos|^||^||^|aux|^|auxpass|^||^|	0|^|4|^|4|^|44|^|0|^|44|^|0|^|9|^|6|^|9|^|0|^|14|^|14|^|10|^|0|^|20|^|20|^|20|^|20|^|14|^|0|^|20|^|0|^|0|^|28|^|28|^|28|^|14|^|0|^|28|^|0|^|0|^|0|^|37|^|37|^|37|^|14|^|0|^|37|^|0|^|0|^|44|^|44|^|0|^|0	{29}	{3}
The|^|patients|^|homozygous|^|for|^|the|^|_|^|DMP1|^|_|^|mutation|^|had|^|abnormal|^|bone|^|structure|^|as|^|well|^|as|^|short|^|and|^|deformed|^|long|^|bones|^|.	the|^|patient|^|homozygous|^|for|^|the|^|_|^|dmp1|^|_|^|mutation|^|have|^|abnormal|^|bone|^|structure|^|as|^|well|^|as|^|short|^|and|^|deform|^|long|^|bone|^|.	DT|^|NNS|^|JJ|^|IN|^|DT|^|CD|^|NN|^|NN|^|NN|^|VBD|^|JJ|^|NN|^|NN|^|RB|^|RB|^|IN|^|JJ|^|CC|^|VBN|^|JJ|^|NNS|^|.	det|^|nsubj|^|amod|^||^|det|^|num|^|nn|^|nn|^|prep_for|^||^|amod|^|nn|^|dobj|^||^|cc|^||^|amod|^||^|conj_and|^|amod|^|dobj|^|	2|^|10|^|2|^|0|^|9|^|9|^|9|^|9|^|3|^|0|^|13|^|13|^|10|^|0|^|13|^|0|^|13|^|0|^|17|^|21|^|19|^|0	{6}	{10,11,12}
The|^|first|^|gene|^|to|^|be|^|causally|^|linked|^|with|^|FECD|^|was|^|_|^|COL8A2|^|_|^|.	the|^|first|^|gene|^|to|^|be|^|causally|^|link|^|with|^|fecd|^|be|^|_|^|col8a2|^|_|^|.	DT|^|JJ|^|NN|^|TO|^|VB|^|RB|^|VBN|^|IN|^|NN|^|VBD|^|CD|^|NN|^|NN|^|.	det|^|amod|^|nsubj|^|aux|^|auxpass|^|advmod|^|vmod|^||^|prep_with|^|cop|^|num|^|nn|^||^|	3|^|3|^|13|^|7|^|7|^|7|^|3|^|0|^|7|^|13|^|13|^|13|^|0|^|0	{11}	{8}
Mutations|^|in|^|_|^|OPA3|^|_|^|were|^|first|^|described|^|in|^|Iraqi-Jewish|^|families|^|with|^|autosomal-recessive|^|type|^|III|^|3-methylglutaconic|^|aciduria|^|-LRB-|^|Costeff|^|syndrome|^|-RRB-|^|,|^|a|^|progressive|^|neurodegenerative|^|disorder|^|with|^|early-onset|^|optic|^|atrophy|^|,|^|hypotonia|^|,|^|ataxia|^|,|^|extrapyramidal|^|dysfunction|^|,|^|and|^|cognitive|^|decline|^|-LRB-|^|-RRB-|^|.	mutation|^|in|^|_|^|opa3|^|_|^|be|^|first|^|describe|^|in|^|iraqi-jewish|^|family|^|with|^|autosomal-recessive|^|type|^|iii|^|3-methylglutaconic|^|acidurium|^|-lrb-|^|costeff|^|syndrome|^|-rrb-|^|,|^|a|^|progressive|^|neurodegenerative|^|disorder|^|with|^|early-onset|^|optic|^|atrophy|^|,|^|hypotonium|^|,|^|ataxia|^|,|^|extrapyramidal|^|dysfunction|^|,|^|and|^|cognitive|^|decline|^|-lrb-|^|-rrb-|^|.	NNS|^|IN|^|CD|^|NN|^|NN|^|VBD|^|JJ|^|VBN|^|IN|^|JJ|^|NNS|^|IN|^|JJ|^|NN|^|CD|^|JJ|^|NN|^|-LRB-|^|NN|^|NN|^|-RRB-|^|,|^|DT|^|JJ|^|JJ|^|NN|^|IN|^|JJ|^|JJ|^|NN|^|,|^|NN|^|,|^|NN|^|,|^|JJ|^|NN|^|,|^|CC|^|JJ|^|NN|^|-LRB-|^|-RRB-|^|.	nsubjpass|^||^|num|^|nn|^|prep_in|^|auxpass|^|advmod|^||^||^|amod|^|prep_in|^||^|amod|^|nn|^|num|^|amod|^|prep_with|^||^|nn|^|appos|^||^||^|det|^|amod|^|amod|^|appos|^||^|amod|^|amod|^|prep_with|^||^|conj_and|^||^|conj_and|^||^|amod|^|conj_and|^||^||^|amod|^|conj_and|^||^||^|	8|^|0|^|5|^|5|^|1|^|8|^|8|^|0|^|0|^|11|^|8|^|0|^|17|^|17|^|17|^|17|^|8|^|0|^|20|^|17|^|0|^|0|^|26|^|26|^|26|^|17|^|0|^|30|^|30|^|26|^|0|^|30|^|0|^|30|^|0|^|37|^|30|^|0|^|0|^|41|^|30|^|0|^|0|^|0	{3}	{31}
Nevertheless|^|,|^|the|^|major|^|haplotype|^|of|^|the|^|2|^|nonsynonymous|^|IRAK1|^|SNPs|^|encoding|^|for|^|pPhe196Ser|^|and|^|pSer532Leu|^|confers|^|enhanced|^|IRAK1|^|activity|^|and|^|,|^|consequently|^|,|^|enhanced|^|susceptibility|^|to|^|RA|^|,|^|as|^|compared|^|to|^|the|^|minor|^|haplotype|^|.	nevertheless|^|,|^|the|^|major|^|haplotype|^|of|^|the|^|2|^|nonsynonymous|^|irak1|^|snp|^|encode|^|for|^|pphe196ser|^|and|^|pser532leu|^|confer|^|enhance|^|irak1|^|activity|^|and|^|,|^|consequently|^|,|^|enhance|^|susceptibility|^|to|^|ra|^|,|^|as|^|compare|^|to|^|the|^|minor|^|haplotype|^|.	RB|^|,|^|DT|^|JJ|^|NN|^|IN|^|DT|^|CD|^|JJ|^|NN|^|NNS|^|VBG|^|IN|^|NN|^|CC|^|NN|^|VBZ|^|VBN|^|NN|^|NN|^|CC|^|,|^|RB|^|,|^|VBD|^|NN|^|TO|^|NN|^|,|^|IN|^|VBN|^|TO|^|DT|^|JJ|^|NN|^|.	advmod|^||^|det|^|amod|^|nsubj|^||^|det|^|num|^|amod|^|nn|^|prep_of|^|vmod|^||^|prep_for|^||^|conj_and|^||^|amod|^|nn|^|dobj|^|cc|^||^|advmod|^||^|amod|^|ccomp|^||^|prep_to|^||^|mark|^|advcl|^||^|det|^|amod|^|prep_to|^|	17|^|0|^|5|^|5|^|17|^|0|^|11|^|11|^|11|^|11|^|5|^|11|^|0|^|12|^|0|^|14|^|0|^|20|^|20|^|17|^|17|^|0|^|26|^|0|^|26|^|17|^|0|^|26|^|0|^|31|^|26|^|0|^|35|^|35|^|31|^|0	{18}	{27}
Some|^|remarkable|^|clinical|^|features|^|were|^|observed|^|in|^|a|^|large|^|hypoPP|^|family|^|carrying|^|an|^|SCN4A|^|mutation|^|:|^|a|^|complete|^|penetrance|^|in|^|men|^|and|^|women|^|,|^|an|^|early|^|age|^|at|^|onset|^|,|^|postcritic|^|myalgias|^|and|^|an|^|increased|^|number|^|and|^|severity|^|of|^|attacks|^|induced|^|by|^|acetazolamide|^|.	some|^|remarkable|^|clinical|^|feature|^|be|^|observe|^|in|^|a|^|large|^|hypopp|^|family|^|carry|^|a|^|scn4a|^|mutation|^|:|^|a|^|complete|^|penetrance|^|in|^|man|^|and|^|woman|^|,|^|a|^|early|^|age|^|at|^|onset|^|,|^|postcritic|^|myalgia|^|and|^|a|^|increase|^|number|^|and|^|severity|^|of|^|attack|^|induce|^|by|^|acetazolamide|^|.	DT|^|JJ|^|JJ|^|NNS|^|VBD|^|VBN|^|IN|^|DT|^|JJ|^|NN|^|NN|^|VBG|^|DT|^|NN|^|NN|^|:|^|DT|^|JJ|^|NN|^|IN|^|NNS|^|CC|^|NNS|^|,|^|DT|^|JJ|^|NN|^|IN|^|NN|^|,|^|JJ|^|NNS|^|CC|^|DT|^|VBN|^|NN|^|CC|^|NN|^|IN|^|NNS|^|VBN|^|IN|^|NN|^|.	det|^|amod|^|dep|^|nsubjpass|^|auxpass|^|dep|^||^|det|^|amod|^|nn|^|prep_in|^|vmod|^|det|^|nn|^|dobj|^||^|det|^|amod|^||^||^|prep_in|^||^|conj_and|^||^|det|^|amod|^|conj_and|^||^|prep_at|^||^|amod|^|conj_and|^||^|det|^|amod|^|conj_and|^||^|conj_and|^||^|prep_of|^|vmod|^||^|agent|^|	4|^|4|^|2|^|6|^|6|^|19|^|0|^|11|^|11|^|11|^|6|^|11|^|15|^|15|^|12|^|0|^|19|^|19|^|0|^|0|^|19|^|0|^|21|^|0|^|27|^|27|^|19|^|0|^|27|^|0|^|32|^|19|^|0|^|36|^|36|^|19|^|0|^|36|^|0|^|38|^|36|^|0|^|41|^|0	{13}	{9}
Mutations|^|in|^|AQP2|^|lead|^|to|^|nephrogenic|^|diabetes|^|insipidus|^|,|^|a|^|disorder|^|in|^|which|^|functional|^|AQP2|^|is|^|not|^|expressed|^|on|^|the|^|apical|^|cell|^|surface|^|of|^|kidney|^|collecting|^|duct|^|principal|^|cells|^|.	mutation|^|in|^|aqp2|^|lead|^|to|^|nephrogenic|^|diabetes|^|insipidus|^|,|^|a|^|disorder|^|in|^|which|^|functional|^|aqp2|^|be|^|not|^|express|^|on|^|the|^|apical|^|cell|^|surface|^|of|^|kidney|^|collect|^|duct|^|principal|^|cell|^|.	NNS|^|IN|^|NN|^|NN|^|TO|^|JJ|^|NN|^|NN|^|,|^|DT|^|NN|^|IN|^|WDT|^|JJ|^|NN|^|VBZ|^|RB|^|VBN|^|IN|^|DT|^|JJ|^|NN|^|NN|^|IN|^|NN|^|VBG|^|NN|^|NN|^|NNS|^|.	|^||^|nn|^|prep_in|^||^|amod|^|nn|^|prep_to|^||^|det|^|appos|^||^|prep_in|^|amod|^|nsubjpass|^|auxpass|^|neg|^|rcmod|^||^|det|^|amod|^|nn|^|prep_on|^||^|prep_of|^|vmod|^|nn|^|nn|^|dobj|^|	0|^|0|^|4|^|1|^|0|^|8|^|8|^|4|^|0|^|11|^|8|^|0|^|18|^|15|^|18|^|18|^|18|^|11|^|0|^|23|^|23|^|23|^|18|^|0|^|23|^|25|^|29|^|29|^|26|^|0	{14}	{5,6,7}
A|^|syndrome|^|of|^|congenital|^|hyperinsulinism|^|and|^|rhabdomyolysis|^|is|^|caused|^|by|^|KCNJ11|^|mutation|^|.	a|^|syndrome|^|of|^|congenital|^|hyperinsulinism|^|and|^|rhabdomyolysis|^|be|^|cause|^|by|^|kcnj11|^|mutation|^|.	DT|^|NN|^|IN|^|JJ|^|NN|^|CC|^|NN|^|VBZ|^|VBN|^|IN|^|NN|^|NN|^|.	det|^|nsubjpass|^||^|amod|^|prep_of|^||^|conj_and|^|auxpass|^||^||^|nn|^|agent|^|	2|^|9|^|0|^|5|^|2|^|0|^|2|^|9|^|0|^|0|^|12|^|9|^|0	{10}	{6}
Further|^|evidence|^|for|^|germline|^|BAP1|^|mutations|^|predisposing|^|to|^|melanoma|^|and|^|malignant|^|mesothelioma|^|.	further|^|evidence|^|for|^|germline|^|bap1|^|mutation|^|predispose|^|to|^|melanoma|^|and|^|malignant|^|mesothelioma|^|.	JJ|^|NN|^|IN|^|NN|^|NN|^|NNS|^|VBG|^|TO|^|NN|^|CC|^|JJ|^|NN|^|.	amod|^||^||^|nn|^|nn|^|prep_for|^|vmod|^||^|prep_to|^||^|amod|^|conj_and|^|	2|^|0|^|0|^|6|^|6|^|2|^|6|^|0|^|7|^|0|^|12|^|9|^|0	{4}	{8,9,10}
Therefore|^|,|^|regular|^|surveillance|^|of|^|heart|^|function|^|by|^|ECG|^|and|^|respiratory|^|function|^|by|^|regular|^|overnight|^|polysomnography|^|is|^|required|^|in|^|_|^|ISPD|^|-|^|_|^|related|^|muscular|^|dystrophy|^|.	therefore|^|,|^|regular|^|surveillance|^|of|^|heart|^|function|^|by|^|ecg|^|and|^|respiratory|^|function|^|by|^|regular|^|overnight|^|polysomnography|^|be|^|require|^|in|^|_|^|ispd|^|-|^|_|^|related|^|muscular|^|dystrophy|^|.	RB|^|,|^|JJ|^|NN|^|IN|^|NN|^|NN|^|IN|^|NN|^|CC|^|JJ|^|NN|^|IN|^|JJ|^|JJ|^|NN|^|VBZ|^|VBN|^|IN|^|CD|^|NN|^|:|^|NN|^|JJ|^|JJ|^|NN|^|.	advmod|^||^|amod|^|nsubjpass|^||^|nn|^|prep_of|^||^|prep_by|^||^|amod|^|conj_and|^||^|amod|^|amod|^|prep_by|^|auxpass|^||^||^|num|^|prep_in|^||^|nn|^|amod|^|amod|^|dep|^|	18|^|0|^|4|^|18|^|0|^|7|^|4|^|0|^|4|^|0|^|12|^|9|^|0|^|16|^|16|^|4|^|18|^|0|^|0|^|21|^|18|^|0|^|26|^|26|^|26|^|21|^|0	{20}	{24,25}
FTLD|^|mutations|^|in|^|tau|^|result|^|in|^|microtubule|^|dissociation|^|,|^|hyperphosphorylation|^|,|^|neuronal|^|mislocalization|^|,|^|filament|^|formation|^|,|^|and|^|neurofibrillary|^|tangles|^|-LRB-|^|-RRB-|^|,|^|the|^|same|^|molecular|^|events|^|that|^|occur|^|in|^|AD|^|.	ftld|^|mutation|^|in|^|tau|^|result|^|in|^|microtubule|^|dissociation|^|,|^|hyperphosphorylation|^|,|^|neuronal|^|mislocalization|^|,|^|filament|^|formation|^|,|^|and|^|neurofibrillary|^|tangle|^|-lrb-|^|-rrb-|^|,|^|the|^|same|^|molecular|^|event|^|that|^|occur|^|in|^|ad|^|.	NN|^|NNS|^|IN|^|JJ|^|NN|^|IN|^|JJ|^|NN|^|,|^|NN|^|,|^|JJ|^|NN|^|,|^|NN|^|NN|^|,|^|CC|^|JJ|^|NNS|^|-LRB-|^|-RRB-|^|,|^|DT|^|JJ|^|JJ|^|NNS|^|WDT|^|VBP|^|IN|^|NN|^|.	nn|^||^||^|amod|^|prep_in|^||^|amod|^|prep_in|^||^|appos|^||^|amod|^|appos|^||^|nn|^|appos|^||^||^|amod|^|conj_and|^||^||^||^|det|^|amod|^|amod|^|appos|^|nsubj|^|rcmod|^||^|prep_in|^|	2|^|0|^|0|^|5|^|2|^|0|^|8|^|2|^|0|^|8|^|0|^|13|^|8|^|0|^|16|^|8|^|0|^|0|^|20|^|2|^|0|^|0|^|0|^|27|^|27|^|27|^|2|^|29|^|27|^|0|^|29|^|0	{3}	{18,19}
Loss-of-function|^|mutations|^|of|^|NSD1|^|and|^|5q35|^|microdeletions|^|encompassing|^|NSD1|^|are|^|a|^|major|^|cause|^|of|^|Sotos|^|syndrome|^|-LRB-|^|Sos|^|-RRB-|^|,|^|which|^|is|^|characterized|^|by|^|overgrowth|^|,|^|macrocephaly|^|,|^|characteristic|^|facies|^|,|^|and|^|variable|^|intellectual|^|disability|^|-LRB-|^|ID|^|-RRB-|^|.	loss-of-function|^|mutation|^|of|^|nsd1|^|and|^|5q35|^|microdeletion|^|encompass|^|nsd1|^|be|^|a|^|major|^|cause|^|of|^|Sotos|^|syndrome|^|-lrb-|^|so|^|-rrb-|^|,|^|which|^|be|^|characterize|^|by|^|overgrowth|^|,|^|macrocephaly|^|,|^|characteristic|^|facy|^|,|^|and|^|variable|^|intellectual|^|disability|^|-lrb-|^|id|^|-rrb-|^|.	JJ|^|NNS|^|IN|^|NN|^|CC|^|NN|^|NNS|^|VBG|^|NN|^|VBP|^|DT|^|JJ|^|NN|^|IN|^|NNPS|^|NN|^|-LRB-|^|NN|^|-RRB-|^|,|^|WDT|^|VBZ|^|VBN|^|IN|^|NN|^|,|^|NN|^|,|^|JJ|^|NNS|^|,|^|CC|^|JJ|^|JJ|^|NN|^|-LRB-|^|NN|^|-RRB-|^|.	amod|^|nsubj|^||^|prep_of|^||^|nn|^|conj_and|^|vmod|^|dobj|^|cop|^|det|^|amod|^||^||^|nn|^|prep_of|^||^|appos|^||^||^|nsubjpass|^|auxpass|^|rcmod|^||^|agent|^||^|conj_and|^||^|amod|^|conj_and|^||^||^|amod|^|amod|^|conj_and|^||^|appos|^||^|	2|^|13|^|0|^|2|^|0|^|7|^|4|^|4|^|8|^|13|^|13|^|13|^|0|^|0|^|16|^|13|^|0|^|16|^|0|^|0|^|23|^|23|^|16|^|0|^|23|^|0|^|25|^|0|^|30|^|25|^|0|^|0|^|35|^|35|^|25|^|0|^|35|^|0|^|0	{8}	{24}
Second|^|,|^|_|^|CDKN2B|^|_|^|-|^|null|^|mice|^|showed|^|a|^|minimal|^|cancer-prone|^|phenotype|^|and|^|do|^|not|^|develop|^|melanoma|^|-LRB-|^|,|^|-RRB-|^|.	Second|^|,|^|_|^|cdkn2b|^|_|^|-|^|null|^|mouse|^|show|^|a|^|minimal|^|cancer-prone|^|phenotype|^|and|^|do|^|not|^|develop|^|melanoma|^|-lrb-|^|,|^|-rrb-|^|.	NNP|^|,|^|CD|^|NN|^|SYM|^|:|^|JJ|^|NNS|^|VBD|^|DT|^|JJ|^|JJ|^|NN|^|CC|^|VBP|^|RB|^|VB|^|NN|^|-LRB-|^|,|^|-RRB-|^|.	|^||^|num|^|nsubj|^|dep|^||^|amod|^|nsubj|^|dep|^|det|^|amod|^|amod|^|dobj|^||^|aux|^|neg|^|conj_and|^|dobj|^||^||^||^|	0|^|0|^|4|^|9|^|9|^|0|^|8|^|9|^|1|^|13|^|13|^|13|^|9|^|0|^|17|^|17|^|13|^|17|^|0|^|0|^|0|^|0	{3}	{17}
Germline|^|mutations|^|in|^|the|^|BRCA1|^|tumor|^|suppressor|^|gene|^|predispose|^|affected|^|individuals|^|to|^|breast|^|cancer|^|;|^|however|^|,|^|incomplete|^|cancer|^|penetrance|^|and|^|the|^|presence|^|of|^|phenocopies|^|in|^|BRCA1|^|families|^|also|^|indicate|^|genetic|^|and|^|environmental|^|modifiers|^|of|^|breast|^|cancer|^|risk|^|.	germline|^|mutation|^|in|^|the|^|brca1|^|tumor|^|suppressor|^|gene|^|predispose|^|affected|^|individual|^|to|^|breast|^|cancer|^|;|^|however|^|,|^|incomplete|^|cancer|^|penetrance|^|and|^|the|^|presence|^|of|^|phenocopy|^|in|^|brca1|^|family|^|also|^|indicate|^|genetic|^|and|^|environmental|^|modifier|^|of|^|breast|^|cancer|^|risk|^|.	NN|^|NNS|^|IN|^|DT|^|NN|^|NN|^|NN|^|NN|^|VB|^|JJ|^|NNS|^|TO|^|NN|^|NN|^|:|^|RB|^|,|^|JJ|^|NN|^|NN|^|CC|^|DT|^|NN|^|IN|^|NNS|^|IN|^|NN|^|NNS|^|RB|^|VBP|^|JJ|^|CC|^|JJ|^|NNS|^|IN|^|NN|^|NN|^|NN|^|.	nn|^|nsubj|^||^|det|^|nn|^|nn|^|nn|^|prep_in|^||^|amod|^|dobj|^||^|nn|^|prep_to|^||^|advmod|^||^|amod|^|nn|^|nsubj|^||^|det|^|conj_and|^||^|prep_of|^||^|nn|^|prep_in|^|advmod|^|parataxis|^|amod|^||^|conj_and|^|dobj|^||^|nn|^|nn|^|prep_of|^|	2|^|9|^|0|^|8|^|8|^|8|^|8|^|2|^|0|^|11|^|9|^|0|^|14|^|9|^|0|^|30|^|0|^|20|^|20|^|30|^|0|^|23|^|20|^|0|^|23|^|0|^|28|^|23|^|30|^|9|^|34|^|0|^|31|^|30|^|0|^|38|^|38|^|34|^|0	{4}	{35,36}
Germline|^|mutations|^|in|^|the|^|BRCA1|^|tumor|^|suppressor|^|gene|^|predispose|^|affected|^|individuals|^|to|^|breast|^|cancer|^|;|^|however|^|,|^|incomplete|^|cancer|^|penetrance|^|and|^|the|^|presence|^|of|^|phenocopies|^|in|^|BRCA1|^|families|^|also|^|indicate|^|genetic|^|and|^|environmental|^|modifiers|^|of|^|breast|^|cancer|^|risk|^|.	germline|^|mutation|^|in|^|the|^|brca1|^|tumor|^|suppressor|^|gene|^|predispose|^|affected|^|individual|^|to|^|breast|^|cancer|^|;|^|however|^|,|^|incomplete|^|cancer|^|penetrance|^|and|^|the|^|presence|^|of|^|phenocopy|^|in|^|brca1|^|family|^|also|^|indicate|^|genetic|^|and|^|environmental|^|modifier|^|of|^|breast|^|cancer|^|risk|^|.	NN|^|NNS|^|IN|^|DT|^|NN|^|NN|^|NN|^|NN|^|VB|^|JJ|^|NNS|^|TO|^|NN|^|NN|^|:|^|RB|^|,|^|JJ|^|NN|^|NN|^|CC|^|DT|^|NN|^|IN|^|NNS|^|IN|^|NN|^|NNS|^|RB|^|VBP|^|JJ|^|CC|^|JJ|^|NNS|^|IN|^|NN|^|NN|^|NN|^|.	nn|^|nsubj|^||^|det|^|nn|^|nn|^|nn|^|prep_in|^||^|amod|^|dobj|^||^|nn|^|prep_to|^||^|advmod|^||^|amod|^|nn|^|nsubj|^||^|det|^|conj_and|^||^|prep_of|^||^|nn|^|prep_in|^|advmod|^|parataxis|^|amod|^||^|conj_and|^|dobj|^||^|nn|^|nn|^|prep_of|^|	2|^|9|^|0|^|8|^|8|^|8|^|8|^|2|^|0|^|11|^|9|^|0|^|14|^|9|^|0|^|30|^|0|^|20|^|20|^|30|^|0|^|23|^|20|^|0|^|23|^|0|^|28|^|23|^|30|^|9|^|34|^|0|^|31|^|30|^|0|^|38|^|38|^|34|^|0	{4}	{35,36}
