CCNB1	Cyclin B
CCNB2	Cyclin B
CCNB3	Cyclin B
CCNA1	Cyclin A
CCNA2	Cyclin A
CCNC	Cyclin C
CCND1	Cyclin D
CCND2	Cyclin D
CCND3	Cyclin D
CCNE1	Cyclin E
CCNE2	Cyclin E
CCNF	Cyclin F
CCNG1	Cyclin G/I
CCNG2	Cyclin G/I
CCNI	Cyclin G/I
CCNI2	Cyclin G/I
CCNH	Cyclin H
CCNJL	Cyclin J
CCNK	Cyclin K
CCNL1	Cyclin L
CCNL2	Cyclin L
CNNM1	Cyclin M
CNNM2	Cyclin M
CNNM3	Cyclin M
CNNM4	Cyclin M
FAM58A	Cyclin K like
CCNT1	Cyclin T
CCNT2	Cyclin T
CDK1	Cyclin-dependent kinase 1/2/3
CDK2	Cyclin-dependent kinase 1/2/3
CDK3	Cyclin-dependent kinase 1/2/3
NEK6	Cyclin-dependent kinase 1/2/3
CDK4	Cyclin-dependent kinase 4/6
CDK6	Cyclin-dependent kinase 4/6
CDK5	Cyclin-dependent kinase 5
CDK7	Cyclin-dependent kinase 7
CDK19	Cyclin-dependent kinase 8
CDK8	Cyclin-dependent kinase 8
CDK10	Cyclin-dependent kinase 10
CDKL1	Cyclin-dependent kinase-like 1/2/3
CDKL2	Cyclin-dependent kinase-like 1/2/3
CDKL3	Cyclin-dependent kinase-like 1/2/3
CDKL4	Cyclin-dependent kinase-like 1/2/3
CDKL5	Cyclin-dependent kinase-like 5
CDK5RAP1	CDK5 regulatory subunit-associated protein 1
CDK11A	Cell division cycle 2-like 2 isoform 1
CDK11B	Cell division cycle 2-like 2 isoform 1
CDK5R1	Cyclin-dependent kinase 5 activator
CDK5R2	Cyclin-dependent kinase 5 activator
CDK2AP1	Cyclin-dependent kinase 2-associated protein 1
CDK2AP2	Cyclin-dependent kinase 2-associated protein 1
CDKN1A	Cyclin-dependent kinase inhibitor 1
CDKN1B	Cyclin-dependent kinase inhibitor 1
CDK9	Cyclin-dependent kinase 9
CDKN3	cyclin-dependent kinase inhibitor 3 (CDK2-associated dual specificity phosphatase)
CLK1	CDC-like kinase
CLK2	CDC-like kinase
CLK3	CDC-like kinase
CLK4	CDC-like kinase
CDC6	Cell division cycle 6
CDC7	Cell division cycle 7
CDC14A	Cell division cycle 14
CDC14B	Cell division cycle 14
CDC16	Cell division cycle 16
CDC23	Cell division cycle 23
CDC25A	Cell division cycle 25
CDC25B	Cell division cycle 25
CDC25C	Cell division cycle 25
CDC26	Cell division cycle 26
CDC27	Cell division cycle 27
CDC37	Cell division cycle 37
CDC37L1	Cell division cycle 37
CDK12	Cell division cycle 2-like 5/7
CDK13	Cell division cycle 2-like 5/7
CDC5L	cell division cycle 5-like
CDC45	CDC45 cell division cycle 45-like
PIGU	CDC91 cell division cycle 91-like 1
CDC40	Cell division cycle 40
CDC20	Cell division cycle 20
FZR1	Fizzy/cell division cycle 20 related 1
NUF2	Cell division cycle associated 1
CDCA3	Cell division cycle associated 3
CDCA4	Cell division cycle associated protein 4
SERTAD1	Cell division cycle associated protein 4
SERTAD3	Cell division cycle associated protein 4
CDCA5	Cell division cycle associated 5
REV3L	DNA polymerase zeta catalytic subunit
POLD2	DNA polymerase delta subunit 2
FBXW7	F-box/WD-repeat protein 7
PFN4	Profilin IV
CDCA7	Cell division cycle associated 7
CDCA7L	Cell division cycle associated 7
CDCA8	Cell division cycle associated 8
SEPT12	Septin 3/9
SEPT3	Septin 3/9
SEPT9	Septin 3/9
SEPT10	Septin 6/8/10/11
SEPT11	Septin 6/8/10/11
SEPT14	Septin 6/8/10/11
SEPT6	Septin 6/8/10/11
SEPT8	Septin 6/8/10/11
CHEK2	CHK2 checkpoint
MAD1L1	MAD1 mitotic arrest deficient-like 1 (yeast)
MAD2L1	MAD2 mitotic arrest deficient-like 1 (yeast)
MAD2L2	MAD2 mitotic arrest deficient-like 2 (yeast)
PKMYT1	protein kinase, membrane associated tyrosine/threonine 1
WEE1	WEE1 homolog (S. pombe)
WEE2	WEE1 homolog (S. pombe)
PLK1	polo-like kinase 1-3
PLK2	polo-like kinase 1-3
PLK3	polo-like kinase 1-3
PLK5	polo-like kinase 1-3
PLK4	polo-like kinase 4
ORC2	Origin recognition complex subunit 2
ORC3	Origin recognition complex subunit 3
ORC4	Origin recognition complex subunit 4
ORC5	Origin recognition complex subunit 5
ORC6	Origin recognition complex subunit 6
CREBBP	E1A binding protein p300
EP300	E1A binding protein p300
PIN1	protein (peptidyl-prolyl cis/trans isomerase) NIMA-interacting 1
PIN4	protein (peptidyl-prolyl cis/trans isomerase) NIMA-interacting, 4 (parvulin)
NBN	nibrin (Nbs1)
GSK3A	glycogen synthase kinase 3
GSK3B	glycogen synthase kinase 3
MRE11A	MRE11 meiotic recombination 11 homolog A (S. cerevisiae)
FANCD2	Fanconi anemia, complementation group D2 / nucleoporin 188kDa
NUP188	Fanconi anemia, complementation group D2 / nucleoporin 188kDa
CDC34	cell division cycle 34
UBE2R2	cell division cycle 34
CDKN1C	Cyclin-dependent kinase inhibitor 1
UBE2C	Ubiquitin-conjugating enzyme E2 C
UBE2E1	Ubiquitin-conjugating enzyme E2 E
UBE2E2	Ubiquitin-conjugating enzyme E2 E
UBE2E3	Ubiquitin-conjugating enzyme E2 E
UBE2G1	Ubiquitin-conjugating enzyme E2 G1
UBE2G2	Ubiquitin-conjugating enzyme E2 G1
UBE2S	Ubiquitin-conjugating enzyme E2 S
UBE2H	Ubiquitin-conjugating enzyme E2 H
UBE2I	Ubiquitin-conjugating enzyme E2 I
UBE2J2	Ubiquitin-conjugating enzyme E2 J2
UBE2J1	Ubiquitin-conjugating enzyme E2 J1
UBE2F	Ubiquitin-conjugating enzyme E2 M
UBE2F-SCLY	Ubiquitin-conjugating enzyme E2 M
UBE2M	Ubiquitin-conjugating enzyme E2 M
UBE2N	Ubiquitin-conjugating enzyme E2 N
UBE2NL	Ubiquitin-conjugating enzyme E2 N
UBE2K	Huntingtin interacting protein 2
UBE2A	RAD6 homolog
UBE2B	RAD6 homolog
CENPC	Centromere protein C
CENPF	centromere protein F
CENPH	centromere protein H
CNTRL	centrosomal protein 1
MIS12	MIS12 homolog
CENPI	FSH primary response homolog 1
CEP250	Ciliary rootlet coiled-coil/Centrosomal protein 2
CROCC	Ciliary rootlet coiled-coil/Centrosomal protein 2
RCC1	Regulator of chromosome condensation 1
CIT	Citron
CETN1	Centrin
CETN2	Centrin
CETN3	Centrin
CKS1B	Cyclin-dependent kinases regulatory subunit
CKS2	Cyclin-dependent kinases regulatory subunit
COPS3	COP9 constitutive photomorphogenic homolog subunit 3
COPS4	COP9 constitutive photomorphogenic homolog subunit 4
COPS6	COP9 constitutive photomorphogenic homolog subunit 6
COPS7A	COP9 constitutive photomorphogenic homolog subunit 7
COPS7B	COP9 constitutive photomorphogenic homolog subunit 7
COPS8	COP9 constitutive photomorphogenic homolog subunit 8
CUL1	Cullin 1
CUL2	Cullin 2
CUL4A	Cullin 4
CUL4B	Cullin 4
CUL7	Cullin 7/p53-associated parkin-like cytoplasmic protein
CUL9	Cullin 7/p53-associated parkin-like cytoplasmic protein
CLASP1	cytoplasmic linker associated protein
CLASP2	cytoplasmic linker associated protein
SMC1A	Structural maintenance of chromosome 1
SMC1B	Structural maintenance of chromosome 1
SMC2	Structural maintenance of chromosome 2
SMC4	Structural maintenance of chromosomes 4
CDT1	DNA replication factor Cdt1
NCAPG	Condensin subunit 3
ECT2	ECT2 protein
NCAPD3	Chromosome-associated polypeptide D3
NCAPG2	Chromosome-associated protein G2
NCAPH2	Chromosome-associated protein H2
DYNC1H1	Dynein heavy chain, cytosolic
GPS1	COP9 constitutive photomorphogenic homolog subunit 1
RCC2	TD-60
ESPL1	extra spindle poles like 1
FBXO43	F-box only protein 5
FBXO5	F-box only protein 5
GMNN	Geminin
MCIDAS	Geminin
INCENP	Inner centromere protein
KNTC1	Kinetochore-associated protein 1
NDC80	kinetochore associated 2
KPNA2	karyopherin alpha
KPNA3	karyopherin alpha
KPNA4	karyopherin alpha
KPNA7	karyopherin alpha
LBR	Lamin B receptor/Delta(14)-sterol reductase
TM7SF2	Lamin B receptor/Delta(14)-sterol reductase
DHCR7	7-dehydrocholesterol reductase
LMNA	Lamin
LMNB1	Lamin
LMNB2	Lamin
ATM	ataxia telangiectasia mutated
ATR	ataxia telangiectasia and Rad3 related
NEK2	NIMA (never in mitosis gene a)-related kinase 2
XRCC1	DNA-repair protein XRCC1
XRCC2	DNA-repair protein XRCC2
XRCC3	DNA-repair protein XRCC3
XRCC4	DNA-repair protein XRCC4
XRCC5	DNA-repair protein XRCC5
RAD1	DNA repair protein RAD1
RAD9A	DNA repair protein RAD9
RAD9B	DNA repair protein RAD9
RAD18	DNA repair protein RAD18
RAD21	DNA repair protein RAD21
RAD21L1	DNA repair protein RAD21
RAD23A	DNA repair protein RAD23
RAD23B	DNA repair protein RAD23
RAD50	DNA repair protein RAD50
RAD51	DNA repair protein RAD51
RAD51B	DNA repair protein RAD51-like
RAD51D	DNA repair protein RAD51-like
RAD51C	DNA repair protein RAD51 homolog 3
RAD52	DNA repair protein RAD52
RDM1	DNA repair protein RAD52B
RAD54B	DNA repair protein RAD54B
RAD54L	DNA repair protein RAD54L
ERCC1	Excision repair cross-complementing rodent repair deficiency, complementation group 1
ERCC2	Excision repair cross-complementing rodent repair deficiency, complementation group 2
ERCC3	Excision repair cross-complementing rodent repair deficiency, complementation group 3
ERCC4	Excision repair cross-complementing rodent repair deficiency, complementation group 4
ERCC5	Excision repair cross-complementing rodent repair deficiency, complementation group 5
ERCC6	Excision repair cross-complementing rodent repair deficiency, complementation group 6
ERCC8	Excision repair cross-complementing rodent repair deficiency, complementation group 8
XPA	xeroderma pigmentosum, complementation group A
XPC	xeroderma pigmentosum, complementation group C
EIF2S1	Eukaryotic translation initiation factor 2, subunit 1 alpha
EIF2S2	Eukaryotic translation initiation factor 2, subunit 2 beta
EIF3H	Eukaryotic translation initiation factor 3, subunit 3 gamma
EIF2B1	Eukaryotic translation initiation factor 2B, subunit 1 alpha
EIF2B2	Eukaryotic translation initiation factor 2B, subunit 2 beta
EIF2B3	Eukaryotic translation initiation factor 2B, subunit 3 gamma
EIF2B4	Eukaryotic translation initiation factor 2B, subunit 4 delta
EIF2B5	Eukaryotic translation initiation factor 2B, subunit 5 epsilon
AGO1	Eukaryotic translation initiation factor 2C
AGO2	Eukaryotic translation initiation factor 2C
AGO3	Eukaryotic translation initiation factor 2C
AGO4	Eukaryotic translation initiation factor 2C
EIF2AK3	Eukaryotic translation initiation factor 2 alpha kinase 3
EIF2AK4	Eukaryotic translation initiation factor 2 alpha kinase 4
EIF2S3	Eukaryotic translation initiation factor 2, subunit 3 gamma
ENSG00000180574	Eukaryotic translation initiation factor 2, subunit 3 gamma
EIF3J	Eukaryotic translation initiation factor 3, subunit 1 alpha
EIF3I	Eukaryotic translation initiation factor 3, subunit 2 beta
EIF3G	Eukaryotic translation initiation factor 3, subunit 4 delta
EIF3F	Eukaryotic translation initiation factor 3, subunit 5 epsilon
EIF3E	Eukaryotic translation initiation factor 3, subunit 6
EIF3D	Eukaryotic translation initiation factor 3, subunit 7 zeta
EIF3C	Eukaryotic translation initiation factor 3, subunit 8
EIF3CL	Eukaryotic translation initiation factor 3, subunit 8
EIF3B	Eukaryotic translation initiation factor 3, subunit 9 eta
EIF3A	Eukaryotic translation initiation factor 3, subunit 10 theta
EIF3L	Eukaryotic translation initiation factor 3, subunit 6 interacting protein
HSDL2	Eukaryotic translation initiation factor 3, subunit 6 interacting protein
EIF4A1	Eukaryotic translation initiation factor 4A
EIF4A2	Eukaryotic translation initiation factor 4A
EIF4B	Eukaryotic translation initiation factor 4B
EIF4E	Eukaryotic translation initiation factor 4E
EIF4E1B	Eukaryotic translation initiation factor 4E
EIF4G1	Eukaryotic translation initiation factor 4 gamma, 1/3
EIF4G3	Eukaryotic translation initiation factor 4 gamma, 1/3
EIF4G2	Eukaryotic translation initiation factor 4 gamma, 2
EIF4E2	Eukaryotic translation initiation factor 3-like
EIF4EBP1	Eukaryotic translation initiation factor 4E binding protein
EIF4EBP2	Eukaryotic translation initiation factor 4E binding protein
EIF4EBP3	Eukaryotic translation initiation factor 4E binding protein
EIF4ENIF1	Eukaryotic translation initiation factor 4E nuclear import factor 1
EIF5	Eukaryotic translation initiation factor 5
EIF5A	Eukaryotic translation initiation factor 5A
EIF5A2	Eukaryotic translation initiation factor 5A
EIF5AL1	Eukaryotic translation initiation factor 5A
EIF5B	Eukaryotic translation initiation factor 5B
BAD	BCL2-antagonist of cell death
YWHAQ	14-3-3
PKN1	protein kinase N
PKN2	protein kinase N
PKN3	protein kinase N
BAG1	BCL2-associated athanogene 1
BAG2	BCL2-associated athanogene 2
BAG3	BCL2-associated athanogene 3/4
BAG4	BCL2-associated athanogene 3/4
BAG5	BCL2-associated athanogene 5
DFFA	DNA fragmentation factor, 45kDa, alpha polypeptide
DFFB	DNA fragmentation factor, 40kDa, beta polypeptide (caspase-activated DNase)
PIK3C3	phosphoinositide-3-kinase, class III
PIK3R1	phosphoinositide-3-kinase, regulatory subunit 1/2/3
PIK3R2	phosphoinositide-3-kinase, regulatory subunit 1/2/3
PIK3R3	phosphoinositide-3-kinase, regulatory subunit 1/2/3
PIK3R4	phosphoinositide-3-kinase, regulatory subunit 4, p150
PIK3R5	phosphoinositide-3-kinase, regulatory subunit 5, p101
PI4KA	phosphatidylinositol 4-kinase, catalytic, alpha polypeptide
PI4KB	phosphatidylinositol 4-kinase, catalytic, beta polypeptide
FADD	Fas (TNFRSF6)-associated via death domain
BID	BH3 interacting domain death agonist
DIABLO	diablo homolog (Drosophila)
POLA1	polymerase (DNA directed), alpha
POLB	polymerase (DNA directed), beta
POLD4	polymerase (DNA-directed), delta 4
POLG2	polymerase (DNA directed), gamma 2, accessory subunit
POLD3	polymerase (DNA directed), delta 3
POLE2	polymerase (DNA directed), epsilon 2 (p59 subunit)
POLE3	polymerase (DNA directed), epsilon 3 (p17 subunit)
POLE4	polymerase (DNA-directed), epsilon 4 (p12 subunit)
POLH	polymerase (DNA directed), eta
POLL	polymerase (DNA directed), lambda
DNTT	polymerase (DNA directed), mu
POLM	polymerase (DNA directed), mu
POLR3K	polymerase (RNA) III (DNA directed) polypeptide K
POLR2I	polymerase (RNA) II (DNA directed) polypeptide I
POLR1A	polymerase (RNA) I polypeptide A
POLR1C	polymerase (RNA) I polypeptide C
POLR1D	polymerase (DNA directed), delta 1, catalytic subunit
POLR2A	polymerase (RNA) II (DNA directed) polypeptide A
POLR2B	polymerase (RNA) II (DNA directed) polypeptide B
POLR2C	polymerase (RNA) II (DNA directed) polypeptide C
POLR2D	polymerase (RNA) II (DNA directed) polypeptide D
POLR2E	polymerase (RNA) II (DNA directed) polypeptide E
POLR2F	polymerase (RNA) II (DNA directed) polypeptide F
POLR2G	polymerase (RNA) II (DNA directed) polypeptide G
POLR2H	polymerase (RNA) II (DNA directed) polypeptide H
POLR2J	polymerase (RNA) II (DNA directed) polypeptide J
POLR2J2	polymerase (RNA) II (DNA directed) polypeptide J
POLR2K	polymerase (RNA) II (DNA directed) polypeptide K
POLR2L	polymerase (RNA) II (DNA directed) polypeptide L
POLR3B	polymerase (RNA) III (DNA directed) polypeptide B
POLR3C	polymerase (RNA) III (DNA directed) polypeptide C
POLR3E	polymerase (RNA) III (DNA directed) polypeptide E
POLR3F	polymerase (RNA) III (DNA directed) polypeptide F
POLR3G	polymerase (RNA) III (DNA directed) polypeptide G
POLR3GL	polymerase (RNA) III (DNA directed) polypeptide G
POLR3H	polymerase (RNA) III (DNA directed) polypeptide H
POLR3A	polymerase (RNA) III (DNA directed) polypeptide A
POLR1B	polymerase (RNA) I polypeptide B
LONP1	Protease, serine, 15
CLPP	ClpP caseinolytic protease, ATP-dependent, proteolytic subunit
SPG7	spastic paraplegia 7, paraplegin
AFG3L2	AFG3 ATPase family gene 3-like 2
YME1L1	YME1-like 1
DDIT3	DNA-damage-inducible transcript 3
DDIT4	DNA-damage-inducible transcript 4
DDIT4L	DNA-damage-inducible transcript 4
CEBPA	CCAAT/enhancer binding protein (C/EBP) B/D/E
CEBPB	CCAAT/enhancer binding protein (C/EBP) B/D/E
CEBPD	CCAAT/enhancer binding protein (C/EBP) B/D/E
CEBPE	CCAAT/enhancer binding protein (C/EBP) B/D/E
CEBPG	CCAAT/enhancer binding protein (C/EBP), gamma
CEBPZ	CCAAT/enhancer binding protein (C/EBP), zeta
GLO1	glyoxalase I
ENSG00000260914	vacuolar protein sorting 4
VPS4A	vacuolar protein sorting 4
VPS4B	vacuolar protein sorting 4
FIGNL1	fidgetin-like 1
SPAST	Spastin 4
FIGN	fidgetin
ATAD1	ATPase family, AAA domain containing 1
POLE	polymerase (DNA directed), epsilon
HELQ	polymerase (DNA directed), theta
POLQ	polymerase (DNA directed), theta
ACADS	acyl-Coenzyme A dehydrogenase, C-2 to C-3 short chain
ACADM	acyl-Coenzyme A dehydrogenase, C-4 to C-12 straight chain
ABAT	4-aminobutyrate aminotransferase
PMPCA	peptidase (mitochondrial processing) alpha
PMPCB	ubiquinol-cytochrome c reductase core protein I / peptidase (mitochondrial processing) beta
UQCRC1	ubiquinol-cytochrome c reductase core protein I / peptidase (mitochondrial processing) beta
UQCRC2	ubiquinol-cytochrome c reductase core protein II
UQCR11	ubiquinol-cytochrome c reductase
UQCRB	ubiquinol-cytochrome c reductase binding protein
UQCRH	ubiquinol-cytochrome c reductase hinge protein
UQCRFS1	ubiquinol-cytochrome c reductase, Rieske iron-sulfur polypeptide 1
BRCA2	breast cancer 2, early onset
HSPA4	heat shock 70kDa protein 4 / heat shock 105kDa/110kDa protein 1
HSPA4L	heat shock 70kDa protein 4 / heat shock 105kDa/110kDa protein 1
HSPH1	heat shock 70kDa protein 4 / heat shock 105kDa/110kDa protein 1
HSPA5	heat shock 70kDa protein 5
HSPA14	heat shock 70kDa protein 14
HSPA9	heat shock 70kDa protein 9B
HSPA13	stress 70 protein chaperone, microsome-associated
HYOU1	hypoxia up-regulated 1
IVD	isovaleryl Coenzyme A dehydrogenase
GCDH	glutaryl-Coenzyme A dehydrogenase
ACAD8	acyl-Coenzyme A dehydrogenase family, member 8
ACAD9	acyl-Coenzyme A dehydrogenase family, member 9 / very long chain
ACADVL	acyl-Coenzyme A dehydrogenase family, member 9 / very long chain
ACADL	acyl-Coenzyme A dehydrogenase, long chain
ACADSB	acyl-Coenzyme A dehydrogenase, short/branched chain
BRCA1	Breast cancer type 1 susceptibility protein
COX4I1	cytochrome c oxidase subunit IV isoform
COX4I2	cytochrome c oxidase subunit IV isoform
COX5A	cytochrome c oxidase subunit Va
COX5B	cytochrome c oxidase subunit Vb
COX6A1	cytochrome c oxidase subunit VIa polypeptide
COX6A1P2	cytochrome c oxidase subunit VIa polypeptide
COX6A2	cytochrome c oxidase subunit VIa polypeptide
COX6B1	cytochrome c oxidase subunit Vib polypeptide 1
COX7A1	cytochrome c oxidase subunit VIIa polypeptide
COX7A2	cytochrome c oxidase subunit VIIa polypeptide
COX7A2L	cytochrome c oxidase subunit VIIa polypeptide
COX7B	cytochrome c oxidase subunit VIIb
COX7B2	cytochrome c oxidase subunit VIIb
COX7C	cytochrome c oxidase subunit VIIc
COX8A	cytochrome c oxidase subunit 8A
COX10	COX10 homolog, cytochrome c oxidase assembly protein, heme A
COX11	COX11 homolog, cytochrome c oxidase assembly protein
COX15	COX15 homolog, cytochrome c oxidase assembly protein
COX17	COX17 homolog, cytochrome c oxidase assembly protein
ABL1	v-abl Abelson murine leukemia viral oncogene
ABL2	v-abl Abelson murine leukemia viral oncogene
ABR	breakpoint cluster region / active BCR-related gene
BCR	breakpoint cluster region / active BCR-related gene
FOXN2	checkpoint suppressor 1 / human T-cell leukemia virus enhancer factor
FOXN3	checkpoint suppressor 1 / human T-cell leukemia virus enhancer factor
LEP	leptin
CYP20A1	cytochrome P450, family 20, subfamily A, polypeptide 1
CYP39A1	prostaglandin I2 (prostacyclin) synthase / cytochrome P450, family 7/8/39
CYP7A1	prostaglandin I2 (prostacyclin) synthase / cytochrome P450, family 7/8/39
CYP7B1	prostaglandin I2 (prostacyclin) synthase / cytochrome P450, family 7/8/39
CYP8B1	prostaglandin I2 (prostacyclin) synthase / cytochrome P450, family 7/8/39
PTGIS	prostaglandin I2 (prostacyclin) synthase / cytochrome P450, family 7/8/39
CYP51A1	cytochrome P450, family 51, subfamily A, polypeptide 1
CYP26A1	cytochrome P450, family 26
CYP26B1	cytochrome P450, family 26
CYP26C1	cytochrome P450, family 26
MAPK1	mitogen-activated protein kinase 1/3
MAPK3	mitogen-activated protein kinase 1/3
MAPK4	mitogen-activated protein kinase 4/6
MAPK6	mitogen-activated protein kinase 4/6
MAPK7	mitogen-activated protein kinase 7
MAPK15	mitogen-activated protein kinase 15
MAP3K1	mitogen-activated protein kinase kinase kinase 1
MAP3K2	mitogen-activated protein kinase kinase kinase 2/3
MAP3K3	mitogen-activated protein kinase kinase kinase 2/3
MAP3K4	mitogen-activated protein kinase kinase kinase 4
MAP3K15	mitogen-activated protein kinase kinase kinase 5/6/15
MAP3K5	mitogen-activated protein kinase kinase kinase 5/6/15
MAP3K6	mitogen-activated protein kinase kinase kinase 5/6/15
MAP3K7	mitogen-activated protein kinase kinase kinase 7
ENSG00000143674	mitogen-activated protein kinase kinase kinase 9/10/11
MAP3K10	mitogen-activated protein kinase kinase kinase 9/10/11
MAP3K11	mitogen-activated protein kinase kinase kinase 9/10/11
MAP3K9	mitogen-activated protein kinase kinase kinase 9/10/11
MAP3K12	mitogen-activated protein kinase kinase kinase 12/13
MAP3K13	mitogen-activated protein kinase kinase kinase 12/13
MAP4K1	mitogen-activated protein kinase kinase kinase kinase 1/2/3/5
MAP4K2	mitogen-activated protein kinase kinase kinase kinase 1/2/3/5
MAP4K3	mitogen-activated protein kinase kinase kinase kinase 1/2/3/5
MAP4K5	mitogen-activated protein kinase kinase kinase kinase 1/2/3/5
DUSP12	dual specificity phosphatase 12
DUSP11	dual specificity phosphatase 11
DUSP23	dual specificity phosphatase 23
DUSP15	dual specificity phosphatase 15/22
DUSP22	dual specificity phosphatase 15/22
PUSL1	pseudouridylate synthase-like 1
SOD1	superoxide dismutase 1, soluble
SOD2	superoxide dismutase 2, mitochondrial
SOD3	superoxide dismutase 3, extracellular
MTOR	FK506 binding protein 12-rapamycin associated protein 1
NEK7	mitogen-activated protein kinase kinase 3/4/6/7
MAP2K1	mitogen-activated protein kinase kinase 1/2
MAP2K2	mitogen-activated protein kinase kinase 1/2
MAP4K4	mitogen-activated protein kinase kinase kinase kinase subfamily
MINK1	mitogen-activated protein kinase kinase kinase kinase subfamily
NRK	mitogen-activated protein kinase kinase kinase kinase subfamily
TNIK	mitogen-activated protein kinase kinase kinase kinase subfamily
DNAJB2	DnaJ (Hsp40) homolog, subfamily B, member 2/6/7/8
DNAJB6	DnaJ (Hsp40) homolog, subfamily B, member 2/6/7/8
DNAJB8	DnaJ (Hsp40) homolog, subfamily B, member 2/6/7/8
DNAJB9	DnaJ (Hsp40) homolog, subfamily B, member 9
DNAJB11	DnaJ (Hsp40) homolog, subfamily B, member 11
DNAJB12	DnaJ (Hsp40) homolog, subfamily B, member 12
DNAJB14	DnaJ (Hsp40) homolog, subfamily B, member 12
DNAJC18	DnaJ (Hsp40) homolog, subfamily B, member 12
DNAJA3	DnaJ (Hsp40) homolog, subfamily A, member 3
DNAJC1	DnaJ (Hsp40) homolog, subfamily C, member 1
DNAJC3	DnaJ (Hsp40) homolog, subfamily C, member 3
DNAJC4	DnaJ (Hsp40) homolog, subfamily C, member 4
DNAJC5	DnaJ (Hsp40) homolog, subfamily C, member 5
DNAJC5B	DnaJ (Hsp40) homolog, subfamily C, member 5
DNAJC5G	DnaJ (Hsp40) homolog, subfamily C, member 5
DNAJC6	DnaJ (Hsp40) homolog, subfamily C, member 6
GAK	DnaJ (Hsp40) homolog, subfamily C, member 6
DNAJC7	DnaJ (Hsp40) homolog, subfamily C, member 7
DNAJC8	DnaJ (Hsp40) homolog, subfamily C, member 8
DNAJC9	DnaJ (Hsp40) homolog, subfamily C, member 9
DNAJC10	DnaJ (Hsp40) homolog, subfamily C, member 10
DNAJC11	DnaJ (Hsp40) homolog, subfamily C, member 11
DNAJC13	DnaJ (Hsp40) homolog, subfamily C, member 13
DNAJC14	DnaJ (Hsp40) homolog, subfamily C, member 14
PRDX1	peroxiredoxin 1-4
PRDX2	peroxiredoxin 1-4
PRDX3	peroxiredoxin 1-4
PRDX4	peroxiredoxin 1-4
PRDX5	peroxiredoxin 5
PRDX6	peroxiredoxin 6
CCS	copper chaperone for superoxide dismutase
HCCS	holocytochrome c synthase (cytochrome c heme-lyase)
GSS	glutathione synthetase
PRNP	prion protein (p27-30)
ABCA10	ATP-binding cassette, sub-family A (ABC1), member 5/6/8-10
ABCA5	ATP-binding cassette, sub-family A (ABC1), member 5/6/8-10
ABCA6	ATP-binding cassette, sub-family A (ABC1), member 5/6/8-10
ABCA8	ATP-binding cassette, sub-family A (ABC1), member 5/6/8-10
ABCA9	ATP-binding cassette, sub-family A (ABC1), member 5/6/8-10
ABCB6	ATP-binding cassette, sub-family B (MDR/TAP), member 6
ABCB7	ATP-binding cassette, sub-family B (MDR/TAP), member 7
ABCB8	ATP-binding cassette, sub-family B (MDR/TAP), member 8
ABCB9	ATP-binding cassette, sub-family B (MDR/TAP), member 9
ENSG00000250264	ATP-binding cassette, sub-family B (MDR/TAP), member 9
TAP1	ATP-binding cassette, sub-family B (MDR/TAP), member 9
TAP2	ATP-binding cassette, sub-family B (MDR/TAP), member 9
ABCB10	ATP-binding cassette, sub-family B (MDR/TAP), member 10
ABCC1	ATP-binding cassette, sub-family C (CFTR/MRP), member 1/2/3/6
ABCC2	ATP-binding cassette, sub-family C (CFTR/MRP), member 1/2/3/6
ABCC3	ATP-binding cassette, sub-family C (CFTR/MRP), member 1/2/3/6
ABCC6	ATP-binding cassette, sub-family C (CFTR/MRP), member 1/2/3/6
CFTR	ATP-binding cassette, sub-family C (CFTR/MRP), member 7
ABCC8	ATP-binding cassette, sub-family C (CFTR/MRP), member 8/9
ABCC9	ATP-binding cassette, sub-family C (CFTR/MRP), member 8/9
ABCC10	ATP-binding cassette, sub-family C (CFTR/MRP), member 10
ABCD1	ATP-binding cassette, sub-family D (ALD), member 4
ABCD2	ATP-binding cassette, sub-family D (ALD), member 4
ABCD3	ATP-binding cassette, sub-family D (ALD), member 4
ABCD4	ATP-binding cassette, sub-family D (ALD), member 4
ABCE1	ATP-binding cassette, sub-family E (OABP), member 1
ABCF1	ATP-binding cassette, sub-family F (GCN20), member 1
ABCF2	ATP-binding cassette, sub-family F (GCN20), member 2
ABCF3	ATP-binding cassette, sub-family F (GCN20), member 3
ABCG1	ATP-binding cassette, sub-family G (WHITE), member 1/4
ABCG4	ATP-binding cassette, sub-family G (WHITE), member 1/4
ABCG2	ATP-binding cassette, sub-family G (WHITE), member 2/3
ABCG5	ATP-binding cassette, sub-family G (WHITE), member 5/8
ABCG8	ATP-binding cassette, sub-family G (WHITE), member 5/8
KIF2A	kinesin family member 2 (MCAK/Kif2)
KIF2B	kinesin family member 2 (MCAK/Kif2)
KIF2C	kinesin family member 2 (MCAK/Kif2)
KIF17	kinesin family member 3/17 (KRP85/95)
KIF3A	kinesin family member 3/17 (KRP85/95)
KIF3B	kinesin family member 3/17 (KRP85/95)
KIF3C	kinesin family member 3/17 (KRP85/95)
KIF21A	kinesin family member 4/21 (Chromokinesin/Kif4)
KIF21B	kinesin family member 4/21 (Chromokinesin/Kif4)
KIF4A	kinesin family member 4/21 (Chromokinesin/Kif4)
KIF4B	kinesin family member 4/21 (Chromokinesin/Kif4)
KIF5A	kinesin family member 5 (KHC)
KIF5B	kinesin family member 5 (KHC)
KIF5C	kinesin family member 5 (KHC)
KIF9	kinesin family member 9
KIF11	kinesin family member 11 (BimC)
KIF18A	kinesin family member 18A
KIF18B	kinesin family member 18A
KIF20A	kinesin family member 20A/23 (MKLP1)
KIF20B	kinesin family member 20A/23 (MKLP1)
KIF23	kinesin family member 20A/23 (MKLP1)
KIF22	kinesin family member 22
KIF25	kinesin family member 25
KIF26A	kinesin family member 26A
KIF26B	kinesin family member 26A
KIFC1	kinesin family member C1
KIFC2	kinesin family member C2/3
KIFC3	kinesin family member C2/3
RPA1	replication protein A1, 70kDa
RPA2	replication protein A2, 32kDa
RPA4	replication protein A2, 32kDa
RPA3	replication protein A3, 14kDa
DCTN1	dynactin 1 (p150)
DCTN2	dynactin 2 (p50)
DCTN3	dynactin 3 (p22)
DCTN4	dynactin 4 (p62)
RNASEH2B	dynactin 6
ATL1	spastic paraplegia 3A (autosomal dominant)
ATL2	spastic paraplegia 3A (autosomal dominant)
ATL3	spastic paraplegia 3A (autosomal dominant)
SPG20	spastic paraplegia 20, spartin (Troyer syndrome)
SPG21	spastic paraplegia 21 (autosomal recessive, Mast syndrome)
GFER	growth factor, augmenter of liver regeneration
BTG1	B-cell translocation gene
BTG2	B-cell translocation gene
BTG3	B-cell translocation gene
BTG4	B-cell translocation gene
HAGH	hydroxyacylglutathione hydrolase
HAGHL	hydroxyacylglutathione hydrolase
PNKD	hydroxyacylglutathione hydrolase
TOB1	transducer of ERBB2
TOB2	transducer of ERBB2
TOP1	topoisomerase (DNA) I
TOP1MT	topoisomerase (DNA) I
TOP2A	topoisomerase (DNA) II
TOP2B	topoisomerase (DNA) II
GRPEL1	GrpE-like, mitochondrial
GRPEL2	GrpE-like, mitochondrial
TOP3A	topoisomerase (DNA) III alpha
TOP3B	topoisomerase (DNA) III beta
FKBP1A	FK506 binding protein 1A/B
FKBP1B	FK506 binding protein 1A/B
FKBP1C	FK506 binding protein 1A/B
FKBP2	FK506 binding protein 2, 13kDa
FKBP5	FK506 binding protein 2, 13kDa
FKBP3	FK506 binding protein 3, 25kDa
FKBP8	FK506 binding protein 6/8
FKBP10	FK506 binding protein 7/9-11/14
FKBP11	FK506 binding protein 7/9-11/14
FKBP14	FK506 binding protein 7/9-11/14
FKBP7	FK506 binding protein 7/9-11/14
FKBP9	FK506 binding protein 7/9-11/14
FKBPL	FK506 binding protein like
RASA1	RAS p21 protein activator (GTPase activating protein) 1
RASA2	RAS p21 protein activator 2-4 / like-1
RASA3	RAS p21 protein activator 2-4 / like-1
RASA4	RAS p21 protein activator 2-4 / like-1
RASA4B	RAS p21 protein activator 2-4 / like-1
RASAL1	RAS p21 protein activator 2-4 / like-1
DAB2IP	RAS protein activator like 2
RASAL2	RAS protein activator like 2
RASAL3	RAS protein activator like 2
SYNGAP1	RAS protein activator like 2
MDM2	Mdm2/4, transformed 3T3 cell double minute 2/4, p53 binding protein
MDM4	Mdm2/4, transformed 3T3 cell double minute 2/4, p53 binding protein
NUP88	nucleoporin 88kDa
NRF1	nuclear respiratory factor 1
CRYM	crystallin, mu
PXMP2	peroxisomal membrane protein 2, 22kDa
PEX2	peroxisomal membrane protein 3, 35kDa
PXMP4	peroxisomal membrane protein 4, 24kDa
FDFT1	farnesyl-diphosphate farnesyltransferase 1
GPC1	glypican family
GPC2	glypican family
GPC3	glypican family
GPC4	glypican family
GPC5	glypican family
GPC6	glypican family
GPX1	glutathione peroxidase
GPX2	glutathione peroxidase
GPX3	glutathione peroxidase
GPX5	glutathione peroxidase
GPX6	glutathione peroxidase
GLMN	glomulin, FKBP associated protein
ALOX12	arachidonate lipoxygenase
ALOX12B	arachidonate lipoxygenase
ALOX15	arachidonate lipoxygenase
ALOX15B	arachidonate lipoxygenase
ALOX5	arachidonate lipoxygenase
ALOXE3	arachidonate lipoxygenase
STK11	serine/threonine kinase 11 (Peutz-Jeghers syndrome)
GSTK1	glutathione S-transferase kappa 1
GSTZ1	glutathione transferase zeta 1 (maleylacetoacetate isomerase)
GSTO1	glutathione S-transferase omega
MGST1	microsomal glutathione S-transferase 1
PTGES	microsomal glutathione S-transferase 1
ALOX5AP	microsomal glutathione S-transferase 2/3
LTC4S	microsomal glutathione S-transferase 2/3
MGST2	microsomal glutathione S-transferase 2/3
MGST3	microsomal glutathione S-transferase 2/3
AURKA	aurora kinase
AURKC	aurora kinase
STK19	serine/threonine kinase 19
SRPK1	serine/threonine kinase 23
SRPK2	serine/threonine kinase 23
SRPK3	serine/threonine kinase 23
STK31	serine/threonine kinase 31
PDIK1L	serine/threonine kinase 35
STK35	serine/threonine kinase 35
DMPK	serine/threonine kinase 38
STK38	serine/threonine kinase 38
STK38L	serine/threonine kinase 38
OXSR1	serine/threonine kinase 39
STK39	serine/threonine kinase 39
STK36	serine/threonine kinase 36 (fused homolog, Drosophila)
PAK1	p21 (CDKN1A)-activated kinase 1-3
PAK2	p21 (CDKN1A)-activated kinase 1-3
PAK3	p21 (CDKN1A)-activated kinase 1-3
PAK4	p21 (CDKN1A)-activated kinase 4/6/7
PAK6	p21 (CDKN1A)-activated kinase 4/6/7
PAK7	p21 (CDKN1A)-activated kinase 4/6/7
GSR	glutathione reductase
CYBB	NADPH oxidase
NOX1	NADPH oxidase
NOX3	NADPH oxidase
NOX4	NADPH oxidase
BIRC2	baculoviral IAP repeat-containing 2/3/4/7/8
BIRC3	baculoviral IAP repeat-containing 2/3/4/7/8
BIRC7	baculoviral IAP repeat-containing 2/3/4/7/8
BIRC8	baculoviral IAP repeat-containing 2/3/4/7/8
NAIP	baculoviral IAP repeat-containing 2/3/4/7/8
XIAP	baculoviral IAP repeat-containing 2/3/4/7/8
BIRC6	baculoviral IAP repeat-containing 5 (survivin)
HMGCS1	3-hydroxy-3-methylglutaryl-Coenzyme A synthase
HMGCS2	3-hydroxy-3-methylglutaryl-Coenzyme A synthase
HMGCR	3-hydroxy-3-methylglutaryl-Coenzyme A reductase
HMGCL	3-hydroxymethyl-3-methylglutaryl-Coenzyme A lyase
HMGCLL1	3-hydroxymethyl-3-methylglutaryl-Coenzyme A lyase
INO80B	high mobility group AT-hook 1-like 4
HMGN1	high-mobility group nucleosome binding domain 1
HBP1	HMG-box transcription factor 1
EHBP1	EH domain binding protein 1
EHBP1L1	EH domain binding protein 1
CRHBP	corticotropin releasing hormone binding protein
USHBP1	Usher syndrome 1C binding protein 1
ENSG00000166503	hepatoma-derived growth factor (high-mobility group protein 1-like)
ENSG00000167674	hepatoma-derived growth factor (high-mobility group protein 1-like)
HDGF	hepatoma-derived growth factor (high-mobility group protein 1-like)
PSIP1	hepatoma-derived growth factor (high-mobility group protein 1-like)
ENDOG	endonuclease G
EXOG	endonuclease G
ARHGDIA	Rho GDP dissociation inhibitor (GDI)
ARHGDIB	Rho GDP dissociation inhibitor (GDI)
ARHGDIG	Rho GDP dissociation inhibitor (GDI)
IGHMBP2	immunoglobulin mu binding protein 2
HMBS	hydroxymethylbilane synthase
ITGB1BP1	integrin beta 1 binding protein 1
CHORDC1	integrin beta 1 binding protein (melusin) 2
ITGB1BP2	integrin beta 1 binding protein (melusin) 2
NMRK1	integrin beta 1 binding protein 3
NMRK2	integrin beta 1 binding protein 3
EIF6	integrin beta 4 binding protein
PSMG2	tumor necrosis factor superfamily, member 5-induced protein 1
GCN1L1	GCN1 general control of amino-acid synthesis 1-like 1
KAT2A	GCN5 general control of amino-acid synthesis 5-like 2
KAT2B	GCN5 general control of amino-acid synthesis 5-like 2
AKAP1	A kinase (PRKA) anchor protein 1
AKAP2	paralemmin
PALM	paralemmin
PALM2	paralemmin
PALM2-AKAP2	paralemmin
PALMD	paralemmin
AKAP3	A kinase (PRKA) anchor protein 3/4
AKAP4	A kinase (PRKA) anchor protein 3/4
AKAP5	A kinase (PRKA) anchor protein 5
AKAP6	A kinase (PRKA) anchor protein 6
AKAP7	A kinase (PRKA) anchor protein 7
AKAP8	A kinase (PRKA) anchor protein 8
AKAP8L	A kinase (PRKA) anchor protein 8
ZNF326	A kinase (PRKA) anchor protein 8
AKAP9	A kinase (PRKA) anchor protein 9
AKAP10	A kinase (PRKA) anchor protein 10
AKAP12	A kinase (PRKA) anchor protein 12
DUT	dUTP pyrophosphatase
HIPK2	homeodomain interacting protein kinase
HIPK3	homeodomain interacting protein kinase
HIPK4	homeodomain interacting protein kinase
DAPP1	dual adaptor of phosphotyrosine and 3-phosphoinositides
DARC	Duffy blood group
TTK	TTK protein kinase
ROPN1B	ropporin, rhophilin associated protein 1
ROPN1L	ropporin, rhophilin associated protein 1
ISCU	NifU-like N-terminal domain containing
PDPK1	3-phosphoinositide dependent protein kinase-1
DUOX1	dual oxidase
DUOX2	dual oxidase
FAM174A	ENSG00000174132 family
FAM174B	ENSG00000174132 family
SPHKAP	sphingosine kinase type 1-interacting protein
FMR1	fragile X mental retardation 1
FXR1	fragile X mental retardation 1
FXR2	fragile X mental retardation 1
WWOX	WW domain containing oxidoreductase
KDSR	follicular lymphoma variant translocation 1
RTN1	reticulon
RTN2	reticulon
RTN3	reticulon
RTN4	reticulon
FHIT	fragile histidine triad gene
HSD17B7	hydroxysteroid (17-beta) dehydrogenase 7
ANAPC1	anaphase promoting complex subunit 1
ANAPC2	anaphase promoting complex subunit 2
ANAPC4	anaphase promoting complex subunit 4
ANAPC5	anaphase promoting complex subunit 5
ANAPC7	anaphase promoting complex subunit 7
ANAPC10	anaphase promoting complex subunit 10
ANAPC13	anaphase promoting complex subunit 13
HSD17B1	retinol dehydrogenase 8 (all-trans) / hydroxysteroid (17-beta) dehydrogenase 1
RDH8	retinol dehydrogenase 8 (all-trans) / hydroxysteroid (17-beta) dehydrogenase 1
BUB3	budding uninhibited by benzimidazoles 3 homolog
BUB1	budding uninhibited by benzimidazole 1 homolog
BUB1B	budding uninhibited by benzimidazole 1 homolog beta
ARL1	ADP-ribosylation factor-like 1
ARL2	ADP-ribosylation factor-like 2
ARL3	ADP-ribosylation factor-like 3
ARL4A	ADP-ribosylation factor-like 4/7
ARL4C	ADP-ribosylation factor-like 4/7
ARL4D	ADP-ribosylation factor-like 4/7
ARL5A	ADP-ribosylation factor-like 5/8
ARL5B	ADP-ribosylation factor-like 5/8
ARL5C	ADP-ribosylation factor-like 5/8
ARL6	ADP-ribosylation factor-like 6
ARL10	ADP-ribosylation factor-like 9/10A
ARL9	ADP-ribosylation factor-like 9/10A
ARL8A	ADP-ribosylation factor-like 10B/C
ARL8B	ADP-ribosylation factor-like 10B/C
ARL11	ADP-ribosylation factor-like 11
ARL13A	ADP-ribosylation factor-like 2-like 1
ARL13B	ADP-ribosylation factor-like 2-like 1
ARL6IP1	ADP-ribosylation factor-like 6 interacting protein
ENSG00000260342	ADP-ribosylation factor-like 6 interacting protein
ARL6IP5	ADP-ribosylation-like factor 6 interacting protein 5
PRAF2	ADP-ribosylation-like factor 6 interacting protein 5
RAE1	RAE1 RNA export 1 homolog
CCBL1	cysteine conjugate-beta lyase; cytoplasmic (glutamine transaminase K, kyneurenine aminotransferase)
RING1	ring finger protein 1/2
RNF2	ring finger protein 1/2
RBX1	ring-box 1
PPP1R2	protein phosphatase 1, regulatory (inhibitor) subunit 2
PPP1R3A	protein phosphatase 1, regulatory (inhibitor) subunit 3A-E
PPP1R3B	protein phosphatase 1, regulatory (inhibitor) subunit 3A-E
PPP1R3C	protein phosphatase 1, regulatory (inhibitor) subunit 3A-E
PPP1R3D	protein phosphatase 1, regulatory (inhibitor) subunit 3A-E
PPP1R3E	protein phosphatase 1, regulatory (inhibitor) subunit 3A-E
PPP1R3G	protein phosphatase 1, regulatory (inhibitor) subunit 3A-E
PPP1R7	protein phosphatase 1, regulatory subunit 7
PPP1R8	protein phosphatase 1, regulatory (inhibitor) subunit 8
PPP1R9A	protein phosphatase 1, regulatory (inhibitor) subunit 9
PPP1R10	protein phosphatase 1, regulatory subunit 10
PPP1R12A	protein phosphatase 1, regulatory (inhibitor) subunit 12
PPP1R12C	protein phosphatase 1, regulatory (inhibitor) subunit 12
PPP1R13B	protein phosphatase 1, regulatory (inhibitor) subunit 13 like
PPP1R13L	protein phosphatase 1, regulatory (inhibitor) subunit 13 like
TP53BP2	protein phosphatase 1, regulatory (inhibitor) subunit 13 like
PPP1R14A	protein phosphatase 1, regulatory (inhibitor) subunit 14
PPP1R14B	protein phosphatase 1, regulatory (inhibitor) subunit 14
PPP1R14C	protein phosphatase 1, regulatory (inhibitor) subunit 14
PPP1R15A	protein phosphatase 1, regulatory (inhibitor) subunit 15A
PPP1R15B	protein phosphatase 1, regulatory (inhibitor) subunit 15B
PPP2R1A	protein phosphatase 2 (formerly 2A), regulatory subunit A (PR 65)
PPP2R1B	protein phosphatase 2 (formerly 2A), regulatory subunit A (PR 65)
PPP2R2A	protein phosphatase 2 (formerly 2A), regulatory subunit B (PR 52)
PPP2R2B	protein phosphatase 2 (formerly 2A), regulatory subunit B (PR 52)
PPP2R2C	protein phosphatase 2 (formerly 2A), regulatory subunit B (PR 52)
PPP2R2D	protein phosphatase 2 (formerly 2A), regulatory subunit B (PR 52)
PPP2R3A	protein phosphatase 2 (formerly 2A), regulatory subunit B
PPP2R3B	protein phosphatase 2 (formerly 2A), regulatory subunit B
PPP2R4	protein phosphatase 2A, regulatory subunit B" (PR 53)
PPP3CA	protein phosphatase 3 (formerly 2B), catalytic subunit
PPP3CB	protein phosphatase 3 (formerly 2B), catalytic subunit
PPP3CC	protein phosphatase 3 (formerly 2B), catalytic subunit
PPP3R1	protein phosphatase 3 (formerly 2B), regulatory subunit B, 19kDa
PPP3R2	protein phosphatase 3 (formerly 2B), regulatory subunit B, 19kDa
PPP2CA	protein phosphatase 4 (formerly X), catalytic subunit
PPP2CB	protein phosphatase 4 (formerly X), catalytic subunit
PPP4C	protein phosphatase 4 (formerly X), catalytic subunit
PPP4R1	protein phosphatase 4, regulatory subunit 1
PPP4R1L	protein phosphatase 4, regulatory subunit 1
PPP4R2	protein phosphatase 4, regulatory subunit 2
PPP5C	protein phosphatase 5, catalytic subunit
PPP6C	protein phosphatase 6, catalytic subunit
E2F7	E2F transcription factor 7
E2F8	E2F transcription factor 7
RB1	retinoblastoma
RBL1	retinoblastoma
RBL2	retinoblastoma
ZNF106	Zinc finger protein 106 homolog
SH3RF1	SH3 multiple domains 2/4; SH3 domain containing ring finger 2
SH3RF2	SH3 multiple domains 2/4; SH3 domain containing ring finger 2
SH3RF3	SH3 multiple domains 2/4; SH3 domain containing ring finger 2
MACC1	SH3-domain binding protein 4
SH3BP4	SH3-domain binding protein 4
SH3BP5	SH3 domain-binding protein 5
SH3BGR	SH3 domain-binding glutamic acid-rich-like protein
SH3BGRL	SH3 domain-binding glutamic acid-rich-like protein
SH3BGRL2	SH3 domain-binding glutamic acid-rich-like protein
SH3BGRL3	SH3 domain-binding glutamic acid-rich-like protein
COPS5	COP9 constitutive photomorphogenic homolog subunit 5
SMC3	chondroitin sulfate proteoglycan 6 (bamacan)
DPH5	Probable diphthine synthase
CAD	carbamoyl-phosphate synthetase 2, aspartate transcarbamylase, and dihydroorotase
RAB7A	RAB7, member RAS oncogene family
YKT6	SNARE protein Ykt6 (yeast)
PARS2	class II tRNA synthase (mouse)
BUD31	G10 protein homologue
NDUFS8	NADH dehydrogenase (ubiquinone) Fe-S protein 8, 23kDa (NADH-coenzyme Q reductase)
TRMU	tRNA (5-methylaminomethyl-2-thiouridylate)-methyltransferase 1
PSMD13	proteasome (prosome, macropain) 26S subunit, non-ATPase, 13
PRPF8	PRP8 pre-mRNA processing factor 8 homolog (yeast)
ITPA	inosine triphosphatase (nucleoside triphosphate pyrophosphatase)
PPCS	Phosphopantothenate--cysteine ligase
GCH1	GTP cyclohydrolase 1 (dopa-responsive dystonia)
DPM1	dolichyl-phosphate mannosyltransferase polypeptide 1, catalytic subunit
DUS4L	dihydrouridine synthase 4-like (by similarity)
NDUFS4	NADH dehydrogenase (ubiquinone) Fe-S protein 4, 18kDa (NADH-coenzyme Q reductase)
ITFG1	T-cell immunomodulatory protein precursor
ARPC4	actin related protein 2/3 complex, subunit 4, 20kDa
DCPS	decapping enzyme, scavenger
EXOSC2	exosome component 2
UNC50	unc-50 homolog (C. elegans)
NDUFA6	NADH dehydrogenase (ubiquinone) 1 alpha subcomplex, 6, 14kDa
DOHH	LIA1 homolog (S. cerevisae)
PHF5A	PHD finger-like domain protein 5A (Uniprot)
ALG14	Murg homolog (bacterial)
CACFD1	chromosome 9 open reading frame
CNOT1	CCR4-NOT transcription complex, subunit 1
GFM1	G elongation factor, mitochondrial 1
APIP	APAF1-interacting protein
NDUFA8	NADH dehydrogenase (ubiquinone) 1 alpha subcomplex, 8, 19kDa
MRPL3	mitochondrial ribosomal protein L3
ACN9	ACN9 homolog (S. cerevisiae)
CDO1	Cysteine dioxygenase, type I
MRPS16	mitochondrial ribosomal protein S16
CCT5	chaperonin containing TCP1, subunit 5 (epsilon)
CKAP5	Colonic and hepatic tumor over-expressed protein
ATP5B	ATP synthase, H+ transporting, mitochondrial F1 complex, beta polypeptide
CCT7	chaperonin containing TCP1, subunit 7 (eta)
ATIC	5-aminoimidazole-4-carboxamide ribonucleotide formyltransferase/IMP cyclohydrolase
CPSF3	cleavage and polyadenylation specific factor 3, 73kDa
GCLC	glutamate-cysteine ligase, catalytic subunit
CCT2	chaperonin containing TCP1, subunit 2 (beta)
MCM6	MCM6 minichromosome maintenance deficient 6 (MIS5 homolog, S. pombe) (S. cerevisiae)
TPP2	Tripeptidyl-peptidase II
PSMC3	proteasome (prosome, macropain) 26S subunit, ATPase, 3
CCT3	chaperonin containing TCP1, subunit 3 (gamma)
MCCC1	methylcrotonoyl-Coenzyme A carboxylase 1 (alpha)
ALDH6A1	aldehyde dehydrogenase 6 family, member A1
UTP20	(Down-regulated in metastasis)-like protein
MCM5	MCM5 minichromosome maintenance deficient 5, cell division cycle 46 (S. cerevisiae)
DHX37	Probable ATP-dependent helicase DHX37
KPNB1	karyopherin (importin) beta 1
HSD17B4	hydroxysteroid (17-beta) dehydrogenase 4
PAN2	ubiquitin specific protease 52
NFS1	NFS1 nitrogen fixation 1 (S. cerevisiae)
VPS35	vacuolar protein sorting 35 (yeast)
NOP2	nucleolar protein 1, 120kDa
PSMC2	proteasome (prosome, macropain) 26S subunit, ATPase, 2
LARS2	leucyl-tRNA synthetase 2, mitochondrial
SPATA20	spermatogenesis associated 20
NARS	asparaginyl-tRNA synthetase
MTHFR	5,10-methylenetetrahydrofolate reductase (NADPH)
AP3D1	adapter-related protein complex 3, delta 1 subunit
USP7	ubiquitin specific protease 7 (herpes virus-associated)
GNL2	guanine nucleotide binding protein-like 2 (nucleolar)
WARS	tryptophanyl-tRNA synthetase
PGM3	phosphoglucomutase 3
UGDH	UDP-glucose dehydrogenase
ETF1	Eukaryotic peptide chain release factor subunit 1
VPS16	protein tyrosine phosphatase, receptor type, A
PDHB	pyruvate dehydrogenase (lipoamide) beta
PIGA	phosphatidylinositol glycan, class A (paroxysmal nocturnal hemoglobinuria)
DARS	aspartyl-tRNA synthetase
DRG1	developmentally regulated GTP binding protein 1
NCAPH	Condensin subunit 2
BTRC	beta-transducin repeat containing protein/F-box and WD-40 domain protein 11
FBXW11	beta-transducin repeat containing protein/F-box and WD-40 domain protein 11
SF3B1	splicing factor 3b, subunit 1, 155kDa
FARSB	phenylalanine-tRNA synthetase-like, beta subunit
MTIF2	mitochondrial translational initiation factor 2
QARS	glutaminyl-tRNA synthetase
PLRG1	pleiotropic regulator 1 (PRL1 homolog, Arabidopsis)
SF3B3	splicing factor 3b, subunit 3, 130kDa
PPWD1	cyclophilin 15 (homolog)
ETFDH	electron-transferring-flavoprotein dehydrogenase
NOP58	Nucleolar protein NOP5
ATG7	APG7 autophagy 7-like (S. cerevisiae)
HACL1	2-hydroxyphytanoyl-CoA lyase
SLU7	step II splicing factor SLU7
IDH3A	isocitrate dehydrogenase 3 (NAD+) alpha
COPA	coatomer protein complex, subunit alpha
XPO1	exportin 1 (CRM1 homolog, yeast)
ACAA2	acetyl-Coenzyme A acyltransferase 2 (mitochondrial 3-oxoacyl-Coenzyme A thiolase)
PDCD11	programmed cell death 11
NOP14	chromosome 4 open reading frame 9
CCT8	chaperonin containing TCP1, subunit 8 (theta)
CCT8L2	chaperonin containing TCP1, subunit 8 (theta)
FEN1	flap structure-specific endonuclease 1
FIG4	KIAA0274
EFTUD2	116 kDa U5 small nuclear ribonucleoprotein component
VPS18	vacuolar protein sorting protein 18
SF3A1	splicing factor 3a, subunit 1, 120kDa
DRG2	developmentally regulated GTP binding protein 2
DDX54	DEAD (Asp-Glu-Ala-Asp) box polypeptide 54
SMC5	SMC5 structural maintenance of chromosomes 5-like 1 (yeast)
MARS2	methionine-tRNA synthetase 2 (mitochondrial)
ADHFE1	alcohol dehydrogenase, iron containing, 1
AQR	aquarius homolog (mouse)
NCAPD2	Condensin subunit 1
NOP56	nucleolar protein 5A (56kDa with KKE/D repeat)
DDX47	DEAD (Asp-Glu-Ala-Asp) box polypeptide 47
MIPEP	mitochondrial intermediate peptidase
MTRR	NADPH dependent diflavin oxidoreductase 1
NDOR1	NADPH dependent diflavin oxidoreductase 1
TSR1	Twenty S RRNA accumulation
LARS	leucyl-tRNA synthetase
POR	P450 (cytochrome) oxidoreductase
OAT	ornithine aminotransferase (gyrate atrophy)
PSMD12	proteasome (prosome, macropain) 26S subunit, non-ATPase, 12
RFC1	replication factor C (activator 1) 1, 145kDa
MANBA	mannosidase, beta A, lysosomal
RFC3	replication factor C (activator 1) 3, 38kDa
RBM19	RNA binding motif protein 19
DUS3L	dihydrouridine synthase 3-like
SDAD1	SDA1 domain containing 1
AASS	aminoadipate-semialdehyde synthase
RPTOR	Regulatory associated protein of mTOR
SUPT5H	suppressor of Ty 5 homolog (S. cerevisiae)
CAPZB	capping protein (actin filament) muscle Z-line, beta
PELO	pelota homolog (Drosophila)
RQCD1	RCD1 required for cell differentiation1 homolog (S. pombe)
DHX15	DEAH (Asp-Glu-Ala-His) box polypeptide 15
DHX32	DEAH (Asp-Glu-Ala-His) box polypeptide 15
DQX1	DEAH (Asp-Glu-Ala-His) box polypeptide 15
UXS1	UDP-glucuronate decarboxylase 1
COPB1	coatomer protein complex, subunit beta
COPS2	COP9 constitutive photomorphogenic homolog subunit 2 (Arabidopsis)
PSMD2	proteasome (prosome, macropain) 26S subunit, non-ATPase, 2
SCFD1	sec1 family domain containing 1
PAFAH1B1	platelet-activating factor acetylhydrolase, isoform Ib, alpha subunit 45kDa
PSMD1	proteasome (prosome, macropain) 26S subunit, non-ATPase, 1
PRPF6	U5 snRNP-associated 102 kDa protein
NMD3	NMD3 homolog (S. cerevisiae)
KRR1	HIV-1 rev binding protein 2
DPH1	DPH1 homolog (S. cerevisiae)
LSG1	Large-Subunit Gtpase (S. cerevisiae)
PSMD14	proteasome (prosome, macropain) 26S subunit, non-ATPase, 14
BMS1	BMS1-like, ribosome assembly protein (yeast)
ELP3	elongation protein 3 homolog (S. cerevisiae)
METAP1	methionyl aminopeptidase 1
TBCD	tubulin-specific chaperone d
DIS3	KIAA1008
DIS3L	KIAA1008
NDUFS1	NADH dehydrogenase (ubiquinone) Fe-S protein 1, 75kDa (NADH-coenzyme Q reductase)
XRN1	5"-3" exoribonuclease 1
RPIA	ribose 5-phosphate isomerase A (ribose 5-phosphate epimerase)
MAK16	RNA binding motif protein 13
ARCN1	archain 1
MOCOS	molybdenum cofactor sulfurase
RABGGTB	Rab geranylgeranyltransferase, beta subunit
ETFA	electron-transfer-flavoprotein, alpha polypeptide (glutaric aciduria II)
ATP5C1	ATP synthase, H+ transporting, mitochondrial F1 complex, gamma polypeptide 1
BRIX1	Brix domain containing protein 2
SOAT1	sterol O-acyltransferase (acyl-Coenzyme A: cholesterol acyltransferase) 1
SMARCAD1	SWI/SNF-related, matrix-associated actin-dependent regulator of chromatin, subfamily a, containing DEAD/H box 1
ARAP1	ADP-ribosylation factor GTPase activating protein 1
ARAP2	ADP-ribosylation factor GTPase activating protein 1
ARAP3	ADP-ribosylation factor GTPase activating protein 1
RBKS	ribokinase
GRTP1	growth hormone regulated TBC protein 1
COQ6	coenzyme Q6 homolog (yeast)
HRSP12	heat-responsive protein 12
MARCH6	membrane-associated ring finger (C3HC4) 6
ASCC3	activating signal cointegrator 1 complex subunit 3
SRP68	signal recognition particle 68kDa
ACTR6	ARP6 actin-related protein 6 homolog (yeast)
USP30	ubiquitin specific protease 30
GOSR1	golgi SNAP receptor complex member 1
COASY	Coenzyme A synthase
TBC1D5	TBC1 domain family, member 5
OGT	O-linked N-acetylglucosamine (GlcNAc) transferase (UDP-N-acetylglucosamine:polypeptide-N-acetylglucosaminyl transferase)
SLC25A1	solute carrier family 25 (mitochondrial carrier; citrate transporter), member 1
ARFRP1	ADP-ribosylation factor related protein 1
OSCP1	oxidored-nitro domain-containing protein isoform 1
CWF19L1	CWF19-like 1, cell cycle control (S. pombe)
DPYD	dihydropyrimidine dehydrogenase
NDUFB10	NADH dehydrogenase (ubiquinone) 1 beta subcomplex, 10, 22kDa
DHX38	DEAH (Asp-Glu-Ala-His) box polypeptide 38
MPHOSPH10	M-phase phosphoprotein 10 (U3 small nucleolar ribonucleoprotein)
CLP1	Pre-mRNA cleavage complex II protein Clp1
PTS	6-pyruvoyltetrahydropterin synthase
ELAC2	elaC homolog 2 (E. coli)
FARS2	phenylalanine-tRNA synthetase 2 (mitochondrial)
MED31	mediator of RNA polymerase II transcription, subunit 31 homolog (yeast)
GALE	UDP-galactose-4-epimerase
GLOD4	C17orf25 gene
PDCD10	programmed cell death 10
VPS39	vacuolar protein sorting 39 (yeast)
UTP23	hypothetical protein LOC84294
WDYHV1	hypothetical protein LOC55093
NOL10	hypothetical protein LOC79954
GPN3	protein x 0004
C9orf64	hypothetical protein LOC84267
NOC4L	hypothetical protein LOC79050
RMND1	hypothetical protein LOC55005
ASUN	hypothetical protein LOC55726
TTC26	hypothetical protein LOC79989
SUCO	chromosome 1 open reading frame 9 protein isoform 2
BCAS2	breast carcinoma amplified sequence 2
EXOC8	exocyst complex component 8
C9orf114	hypothetical protein LOC51490
ESF1	Hypothetical protein C20orf6
TMEM65	hypothetical protein LOC157378
COG2	component of oligomeric golgi complex 2
MRPL45	mitochondrial ribosomal protein L45
MDH1	malate dehydrogenase 1, NAD (soluble)
TDO2	tryptophan 2,3-dioxygenase
RRP9	RNA, U3 small nucleolar interacting protein 2
NAA20	N-acetyltransferase 5 (ARD1 homolog, S. cerevisiae)
EIF2D	Ligatin
RIOK1	RIO kinase 1 (yeast)
RIOK3	RIO kinase 1 (yeast)
RP2	retinitis pigmentosa 2 (X-linked recessive)
TBCC	retinitis pigmentosa 2 (X-linked recessive)
HBS1L	HBS1-like (S. cerevisiae)
DNAJC2	zuotin related factor 1
COG4	component of oligomeric golgi complex 4
TIMM22	translocase of inner mitochondrial membrane 22 homolog (yeast)
DDX24	DEAD (Asp-Glu-Ala-Asp) box polypeptide 24
NOB1	nin one binding protein
NHP2	nucleolar protein family A, member 2 (H/ACA small nucleolar RNPs)
DDB1	damage-specific DNA binding protein 1, 127kDa
ISY1	RAB43, member RAS oncogene family
MSH6	mutS homolog 6 (E. coli)
DHX35	DEAH (Asp-Glu-Ala-His) box polypeptide 35
MRPL17	mitochondrial ribosomal protein L17
ARV1	ARV1 homolog (yeast)
LSM1	LSM1 homolog, U6 small nuclear RNA associated (S. cerevisiae)
CHMP3	vacuolar protein sorting 24 (yeast)
NCLN	nicalin homolog (zebrafish)
C18orf8	chromosome 18 open reading frame 8
IFT140	hypothetical protein LOC9742
MRPL23	mitochondrial ribosomal protein L23
CNPPD1	chromosome 2 open reading frame 24
HM13	histocompatibility (minor) 13
IFT122	WD repeat domain 10
BCAS3	breast carcinoma amplified sequence 3
PIGS	phosphatidylinositol glycan, class S
CUL3	cullin 3
ROGDI	leucine zipper domain protein
HLCS	holocarboxylase synthetase (biotin-(proprionyl-Coenzyme A-carboxylase (ATP-hydrolysing)) ligase)
TSR3	hypothetical protein LOC115939
GINS4	SLD5
GEMIN2	survival of motor neuron protein interacting protein 1
PAN3	PABP1-dependent poly A-specific ribonuclease subunit PAN3
EIF2A	CDA02 protein
CSTF3	cleavage stimulation factor, 3" pre-RNA, subunit 3, 77kDa
STX18	syntaxin 18
GLCE	D-glucuronyl C5-epimerase
ALG3	asparagine-linked glycosylation 3 homolog (yeast, alpha-1,3-mannosyltransferase)
C9orf78	chromosome 9 open reading frame 78
C6orf106	chromosome 6 open reading frame 106
COQ2	para-hydroxybenzoate-polyprenyltransferase, mitochondrial
CUL5	cullin 5
SYS1	chromosome 20 open reading frame 35
WDR4	WD repeat domain 4
CPSF3L	related to CPSF subunits 68 kDa isoform 1
NFX1	nuclear transcription factor, X-box binding 1
SLC35F6	centromere protein A, 17kDa
EXOC2	SEC5-like 1 (S. cerevisiae)
TBC1D23	hypothetical protein LOC55773
TTC27	hypothetical protein LOC55622
MRPL50	mitochondrial ribosomal protein L50
SIRT1	sirtuin (silent mating type information regulation 2 homolog) 1 (S. cerevisiae)
RPF1	RNA processing factor 1
DGCR14	DiGeorge syndrome critical region gene 14
TMEM222	hypothetical protein LOC84065
UPRT	hypothetical protein LOC139596
GTF2E2	general transcription factor IIE, polypeptide 2, beta 34kDa
UCKL1	uridine-cytidine kinase 1-like 1
ATG3	APG3 autophagy 3-like (S. cerevisiae)
SEC63	SEC63-like (S. cerevisiae)
SLC39A11	solute carrier family 39 (metal ion transporter), member 11
METTL13	KIAA0859
BCL2L2-PABPN1	poly(A) binding protein, nuclear 1
PABPN1	poly(A) binding protein, nuclear 1
PABPN1L	poly(A) binding protein, nuclear 1
GAPVD1	GTPase activating protein and VPS9 domains 1
EFTUD1	elongation factor Tu GTP binding domain containing 1
PRPF38A	PRP38 pre-mRNA processing factor 38 (yeast) domain containing A isoform 1
TBC1D13	TBC1 domain family, member 13
DENR	density-regulated protein
CCDC124	hypothetical protein LOC115098
KIAA1109	KIAA1109
IFT52	chromosome 20 open reading frame 9
VTA1	chromosome 6 open reading frame 55
MRPL15	mitochondrial ribosomal protein L15
PRPF19	PRP19/PSO4 pre-mRNA processing factor 19 homolog (S. cerevisiae)
OGFOD1	hypothetical protein LOC55239
PIGT	phosphatidylinositol glycan, class T
L2HGDH	L-2-hydroxyglutarate dehydrogenase
GCAT	glycine C-acetyltransferase (2-amino-3-ketobutyrate coenzyme A ligase)
SEH1L	SEH1-like (S. cerevisiae)
NAA30	hypothetical protein LOC122830
SLC35B2	solute carrier family 35, member B2
KIAA1432	KIAA1432
CHMP6	chromatin modifying protein 6
DIEXF	chromosome 1 open reading frame 107
ARFGAP1	ADP-ribosylation factor GTPase activating protein 1
QDPR	quinoid dihydropteridine reductase
SEC22A	SEC22 vesicle trafficking protein-like 1 (S. cerevisiae)
SEC22C	SEC22 vesicle trafficking protein-like 1 (S. cerevisiae)
GBF1	golgi-specific brefeldin A resistance factor 1
CWC27	serologically defined colon cancer antigen 10
CUTC	cutC copper transporter homolog (E.coli)
ENOPH1	E-1 enzyme
FAM96B	Hypothetical UPF0195 protein CGI-128
UBR7	chromosome 14 open reading frame 130
TBC1D20	TBC1 domain family, member 20
TIPRL	ribosomal protein L34 pseudogene 1
PLAA	phospholipase A2-activating protein
AGXT2	alanine-glyoxylate aminotransferase 2
HDHD1	haloacid dehalogenase-like hydrolase domain containing 1A
BCKDHB	branched chain keto acid dehydrogenase E1, beta polypeptide (maple syrup urine disease)
MCM3AP	MCM3 minichromosome maintenance deficient 3 (S. cerevisiae) associated protein
SNF8	SNF8, ESCRT-II complex subunit, homolog (S. cerevisiae)
NUP155	nucleoporin 155kDa
MVD	mevalonate (diphospho) decarboxylase
GTF2B	general transcription factor IIB
RAB35	RAB35, member RAS oncogene family
GTF3C3	general transcription factor IIIC, polypeptide 3, 102kDa
SUPT6H	suppressor of Ty 6 homolog (S. cerevisiae)
NUDT2	nudix (nucleoside diphosphate linked moiety X)-type motif 2
C1orf123	chromosome 1 open reading frame 123
TMEM165	TPA regulated locus
NDUFA9	NADH dehydrogenase (ubiquinone) 1 alpha subcomplex, 9, 39kDa
TAPT1	hypothetical protein LOC202018
PYROXD1	hypothetical protein LOC79912
DNTTIP2	estrogen receptor binding protein
NPRL3	chromosome 16 open reading frame 35
ZW10	ZW10, kinetochore associated, homolog (Drosophila)
SLC35B1	solute carrier family 35, member B1
PGGT1B	protein geranylgeranyltransferase type I, beta subunit
HSP90B1	tumor rejection antigen (gp96) 1
ZGPAT	zinc finger, CCCH-type with G patch domain
DCTD	dCMP deaminase
ZMPSTE24	zinc metallopeptidase (STE24 homolog, yeast)
DHODH	dihydroorotate dehydrogenase
YARS2	tyrosyl-tRNA synthetase 2 (mitochondrial)
WLS	chromosome 1 open reading frame 139
ATE1	arginyltransferase 1
XRN2	5"-3" exoribonuclease 2
MRPS7	mitochondrial ribosomal protein S7
SUGT1	SGT1, suppressor of G2 allele of SKP1 (S. cerevisiae)
MAU2	KIAA0892
MRPL40	mitochondrial ribosomal protein L40
IBA57	chromosome 1 open reading frame 69
MRPL24	mitochondrial ribosomal protein L24
ELP2	signal transducer and activator of transcription 3 interacting protein 1
GCLM	glutamate-cysteine ligase, modifier subunit
WDHD1	WD repeat and HMG-box DNA binding protein 1
TDP1	tyrosyl-DNA phosphodiesterase 1
TROVE2	TROVE domain family, member 2
EXOSC10	exosome component 10
SMARCB1	SWI/SNF related, matrix associated, actin dependent regulator of chromatin, subfamily b, member 1
C10orf2	progressive external ophthalmoplegia 1
PSMD9	proteasome (prosome, macropain) 26S subunit, non-ATPase, 9
ZRANB2	zinc finger protein 265
MRPL12	mitochondrial ribosomal protein L12
AVL9	hypothetical protein LOC23080
TAT	tyrosine aminotransferase
ALG2	asparagine-linked glycosylation 2 homolog (yeast, alpha-1,3-mannosyltransferase)
MYC	v-myc myelocytomatosis viral oncogene
MYCL	v-myc myelocytomatosis viral oncogene
MYCN	v-myc myelocytomatosis viral oncogene
EGFR	epidermal growth factor receptor / v-erb-b2 erythroblastic leukemia viral oncogene
ERBB2	epidermal growth factor receptor / v-erb-b2 erythroblastic leukemia viral oncogene
ERBB3	epidermal growth factor receptor / v-erb-b2 erythroblastic leukemia viral oncogene
ERBB4	epidermal growth factor receptor / v-erb-b2 erythroblastic leukemia viral oncogene
TP53	tumor protein p53/73
TP63	tumor protein p53/73
TP73	tumor protein p53/73
MOCS3	molybdenum cofactor synthesis 3
DSCC1	defective in sister chromatid cohesion homolog 1
INTS7	chromosome 1 open reading frame 73
NDUFA12	NADH dehydrogenase (ubiquinone) 1 alpha subcomplex, 12
TMEM201	hypothetical protein LOC199953
FUT8	fucosyltransferase 8 (alpha (1,6) fucosyltransferase)
PUS10	hypothetical protein LOC150962
PSMD3	proteasome (prosome, macropain) 26S subunit, non-ATPase, 3
RARS	arginyl-tRNA synthetase
GLG1	golgi apparatus protein 1
RPP30	ribonuclease P/MRP 30kDa subunit
DDX1	DEAD (Asp-Glu-Ala-Asp) box polypeptide 1
CRBN	cereblon
MRPS23	mitochondrial ribosomal protein S23
ENSG00000248710	WD repeat domain 56
IFT80	WD repeat domain 56
SHQ1	SHQ1 homolog (S. cerevisiae)
RRP15	hypothetical protein LOC51018
PBRM1	polybromo 1 isoform 3
SPCS1	signal peptidase complex subunit 1 homolog (S. cerevisiae)
C6orf57	chromosome 6 open reading frame 57
MNAT1	menage a trois 1 (CAK assembly factor)
ZFYVE20	zinc finger, FYVE domain containing 20
SAMM50	SAM50-like protein CGI-51
TRMT44	hypothetical protein LOC152992
TRAPPC8	KIAA1012
BBS5	Bardet-Biedl syndrome 5
MRPL51	mitochondrial ribosomal protein L51
CPSF2	cleavage and polyadenylation specific factor 2, 100kDa
GMPS	guanine monphosphate synthetase
GATC	Putative protein 15E1.2
CNOT4	CCR4-NOT transcription complex, subunit 4
DCAF7	WD repeat domain 68
PCID2	hypothetical protein LOC55795
ATP6AP2	ATPase, H+ transporting, lysosomal accessory protein 2
MRPL32	mitochondrial ribosomal protein L32
SAYSD1	chromosome 6 open reading frame 64
NUP133	nucleoporin 133kDa
IPPK	chromosome 9 open reading frame 12
LPCAT3	gene rich cluster, C3f
UBE3C	ubiquitin protein ligase E3C
DLAT	dihydrolipoamide S-acetyltransferase (E2 component of pyruvate dehydrogenase complex)
RPN2	ribophorin II
TMEM189	ubiquitin-conjugating enzyme E2 variant 1
UBE2V1	ubiquitin-conjugating enzyme E2 variant 1
EIF3M	B5 receptor
VPS53	vacuolar protein sorting 53
DUS2L	dihydrouridine synthase 2-like (SMM1, S. cerevisiae)
N6AMT2	hypothetical protein LOC221143
MRPS9	mitochondrial ribosomal protein S9
TCF25	FKSG26 protein
IFT57	estrogen-related receptor beta like 1
USO1	General vesicular transport factor p115
EMC7	chromosome 15 open reading frame 24
NPRL2	tumor suppressor candidate 4
COL4A3BP	collagen, type IV, alpha 3 (Goodpasture antigen) binding protein
TRMT11	chromosome 6 open reading frame 75
HDAC1	histone deacetylase 1/histone deacetylase 2
HDAC2	histone deacetylase 1/histone deacetylase 2
HDAC10	histone deacetylase 6/histone deacetylase 10
HDAC6	histone deacetylase 6/histone deacetylase 10
HDAC4	histone deacetylase 4/5/7/9
HDAC5	histone deacetylase 4/5/7/9
HDAC7	histone deacetylase 4/5/7/9
HDAC9	histone deacetylase 4/5/7/9
HDAC8	histone deacetylase 8
HDAC11	Histone deacetylase 11
SIRT2	sirtuin (silent mating type information regulation 2 homolog) 2 (S. cerevisiae)/sirtuin (silent mating type information regulat
SIRT3	sirtuin (silent mating type information regulation 2 homolog) 2 (S. cerevisiae)/sirtuin (silent mating type information regulat
SIRT4	sirtuin (silent mating type information regulation 2 homolog) 4 (S. cerevisiae)
SIRT5	sirtuin (silent mating type information regulation 2 homolog) 5 (S. cerevisiae)
SIRT6	sirtuin (silent mating type information regulation 2 homolog) 6 (S. cerevisiae) / sirtuin (silent mating type information regul
SIRT7	sirtuin (silent mating type information regulation 2 homolog) 6 (S. cerevisiae) / sirtuin (silent mating type information regul
SIN3A	SIN3, transcription regulator (yeast)
SIN3B	SIN3, transcription regulator (yeast)
ENSG00000265264	fracture callus 1 homolog (rat)
TIMM10B	fracture callus 1 homolog (rat)
SRPR	signal recognition particle receptor ("docking protein")
SRPRB	signal recognition particle receptor, B subunit
TIMM8A	translocase of inner mitochondrial membrane 8
TIMM8B	translocase of inner mitochondrial membrane 8
TIMM9	translocase of inner mitochondrial membrane 9 homolog (yeast)
TIMM10	translocase of inner mitochondrial membrane 10 homolog (yeast)
TIMM13	translocase of inner mitochondrial membrane 13 homolog (yeast)
TIMM17A	translocase of inner mitochondrial membrane 17
TIMM17B	translocase of inner mitochondrial membrane 17
TIMM23	human translocase of inner mitochondrial membrane 23 homolog (yeast)
TIMM23B	human translocase of inner mitochondrial membrane 23 homolog (yeast)
TIMM44	translocase of inner mitochondrial membrane 44 homolog (yeast)
TIMM50	translocase of inner mitochondrial membrane 50 homolog (yeast)
TOMM7	translocase of outer mitochondrial membrane 7 homolog (yeast)
TOMM20	translocase of outer mitochondrial membrane 20 homolog (yeast)
TOMM20L	translocase of outer mitochondrial membrane 20 homolog (yeast)
TOMM22	translocase of outer mitochondrial membrane 22 homolog (yeast)
TOMM34	translocase of outer mitochondrial membrane 34
TOMM70A	translocase of outer mitochondrial membrane 70 homolog A (yeast)
TOMM40	translocase of outer mitochondrial membrane 40 homolog (yeast)
TOMM40L	translocase of outer mitochondrial membrane 40 homolog (yeast)
ENSG00000256206	proteasome (prosome, macropain) subunit, alpha type, 1
PSMA1	proteasome (prosome, macropain) subunit, alpha type, 1
ENSG00000256646	proteasome (prosome, macropain) subunit, alpha type, 2
PSMA2	proteasome (prosome, macropain) subunit, alpha type, 2
PSMA3	proteasome (prosome, macropain) subunit, alpha type, 3
PSMA4	proteasome (prosome, macropain) subunit, alpha type, 4
PSMA6	proteasome (prosome, macropain) subunit, alpha type, 6
PSMA5	proteasome (prosome, macropain) subunit, alpha type, 5
PSMA7	proteasome (prosome, macropain) subunit, alpha type, 7/8
PSMA8	proteasome (prosome, macropain) subunit, alpha type, 7/8
PSMB3	proteasome (prosome, macropain) subunit, beta type, 3
COQ5	coenzyme Q5 homolog, methyltransferase (S. cerevisiae)
PSMB1	proteasome (prosome, macropain) subunit, beta type, 1
PSMB2	proteasome (prosome, macropain) subunit, beta type, 2
PSMB4	proteasome (prosome, macropain) subunit, beta type, 4
PSMB6	proteasome (prosome, macropain) subunit, beta type, 6/9
PSMB9	proteasome (prosome, macropain) subunit, beta type, 6/9
PSMB10	proteasome (prosome, macropain) subunit, beta type, 7/10
PSMB7	proteasome (prosome, macropain) subunit, beta type, 7/10
PSMB11	proteasome (prosome, macropain) subunit, beta type, 5/8
PSMB5	proteasome (prosome, macropain) subunit, beta type, 5/8
PSMB8	proteasome (prosome, macropain) subunit, beta type, 5/8
PSMC1	proteasome (prosome, macropain) 26S subunit, ATPase, 1
PSMC4	proteasome (prosome, macropain) 26S subunit, ATPase, 4
PSMC6	proteasome (prosome, macropain) 26S subunit, ATPase, 6
PSMD11	proteasome (prosome, macropain) 26S subunit, non-ATPase, 11
PSMD5	proteasome (prosome, macropain) 26S subunit, non-ATPase, 5
PSMD4	proteasome (prosome, macropain) 26S subunit, non-ATPase, 4
PSMD8	proteasome (prosome, macropain) 26S subunit, non-ATPase, 8
PSME1	proteasome (prosome, macropain) activator subunit 1-3
PSME2	proteasome (prosome, macropain) activator subunit 1-3
PSME3	proteasome (prosome, macropain) activator subunit 1-3
PSME4	proteasome (prosome, macropain) activator subunit 4
PSMF1	proteasome (prosome, macropain) inhibitor subunit 1 (PI31)
ATP5O	ATP synthase, H+ transporting, mitochondrial F1 complex, O subunit (oligomycin sensitivity conferring protein)
TBCK	hypothetical protein LOC93627
RPAP3	hypothetical protein LOC79657
SRP9	signal recognition particle 9kDa
SRP14	signal recognition particle 14kDa (homologous Alu RNA binding protein)
SRP19	signal recognition particle 19kDa
SRP54	signal recognition particle 54kDa
SRP72	signal recognition particle 72kDa
SPAG1	sperm associated antigen 1
SRSF1	splicing factor, arginine/serine-rich 1/9
SRSF9	splicing factor, arginine/serine-rich 1/9
SRSF2	splicing factor, arginine/serine-rich 2 / FUS interacting protein (serine/arginine-rich) 1
ZCRB1	splicing factor, arginine/serine-rich 3/7
SFSWAP	splicing factor, arginine/serine-rich 8 (suppressor-of-white-apricot homolog, Drosophila)
TRA2A	splicing factor, arginine/serine-rich 10 (transformer 2 homolog, Drosophila)
TRA2B	splicing factor, arginine/serine-rich 10 (transformer 2 homolog, Drosophila)
SREK1	splicing factor, arginine/serine-rich 11
SRSF11	splicing factor, arginine/serine-rich 11
PCSK9	proprotein convertase subtilisin/kexin type 9
NARG2	NMDA receptor regulated 2
NARF	nuclear prelamin A recognition factor
NARFL	nuclear prelamin A recognition factor
NRD1	nardilysin (N-arginine dibasic convertase)
IDE	insulin-degrading enzyme
USP11	ubiquitin specific peptidase 4/11/15/19
USP15	ubiquitin specific peptidase 4/11/15/19
USP19	ubiquitin specific peptidase 4/11/15/19
USP4	ubiquitin specific peptidase 4/11/15/19
USP2	ubiquitin specific peptidase 2/8/21/50
USP21	ubiquitin specific peptidase 2/8/21/50
USP50	ubiquitin specific peptidase 2/8/21/50
USP8	ubiquitin specific peptidase 2/8/21/50
USP31	ubiquitin specific peptidase 31/43
USP43	ubiquitin specific peptidase 31/43
USP48	ubiquitin specific peptidase 48
USP40	ubiquitin specific peptidase 40
NAA15	NMDA receptor regulated 1
NAA16	NMDA receptor regulated 1
RAN	RAN, member RAS oncogene family
CBFA2T2	translocation protein isoform 1
CBFA2T3	translocation protein isoform 1
RUNX1T1	translocation protein isoform 1
NPPA	natriuretic peptide precursor A/B
NPPB	natriuretic peptide precursor A/B
NPPC	natriuretic peptide precursor C
NAT1	N-acetyltransferase 1/2 (arylamine N-acetyltransferase)
NAT2	N-acetyltransferase 1/2 (arylamine N-acetyltransferase)
NAT6	N-acetyltransferase 6
TUBGCP6	Gamma-tubulin complex component 6
TCP1	t-complex 1
CCT4	chaperonin containing TCP1, subunit 4 (delta)
CCT6A	chaperonin containing TCP1, subunit 6A and 6B (zeta 1 and 2)
CCT6B	chaperonin containing TCP1, subunit 6A and 6B (zeta 1 and 2)
PCYT1A	phosphate cytidylyltransferase 1, choline
PCYT1B	phosphate cytidylyltransferase 1, choline
PCYT2	phosphate cytidylyltransferase 2, ethanolamine
NPR3	natriuretic peptide receptor C/guanylate cyclase C (atrionatriuretic peptide receptor C)
NUDT6	nudix (nucleoside diphosphate linked moiety X)-type motif 6
NUDT5	nudix (nucleoside diphosphate linked moiety X)-type motif 5
NUDT1	nudix (nucleoside diphosphate linked moiety X)-type motif 1
NUDT10	nudix (nucleoside diphosphate linked moiety X)-type motif 3/4/10/11
NUDT11	nudix (nucleoside diphosphate linked moiety X)-type motif 3/4/10/11
NUDT4	nudix (nucleoside diphosphate linked moiety X)-type motif 3/4/10/11
NUDT7	nudix (nucleoside diphosphate linked moiety X)-type motif 7/8
NUDT8	nudix (nucleoside diphosphate linked moiety X)-type motif 7/8
NUDT9	nudix (nucleoside diphosphate linked moiety X)-type motif 9
NUDT12	nudix (nucleoside diphosphate linked moiety X)-type motif 12/13
NUDT13	nudix (nucleoside diphosphate linked moiety X)-type motif 12/13
NUDT15	nudix (nucleoside diphosphate linked moiety X)-type motif 15
NUDT18	nudix (nucleoside diphosphate linked moiety X)-type motif 18
NUDT21	nudix (nucleoside diphosphate linked moiety X)-type motif 21
NUDT22	nudix (nucleoside diphosphate linked moiety X)-type motif 22
TASP1	taspase, threonine aspartase, 1
INSL3	insulin-like 3 (Leydig cell)
PRPS1	phosphoribosyl pyrophosphate synthetase
PRPS1L1	phosphoribosyl pyrophosphate synthetase
PRPS2	phosphoribosyl pyrophosphate synthetase
PRPSAP1	phosphoribosyl pyrophosphate synthetase-associated protein
PRPSAP2	phosphoribosyl pyrophosphate synthetase-associated protein
GART	phosphoribosylglycinamide formyltransferase, phosphoribosylglycinamide synthetase, phosphoribosylaminoimidazole synthetase
PPAT	phosphoribosyl pyrophosphate amidotransferase
PFAS	phosphoribosylformylglycinamidine synthase (FGAR amidotransferase)
NME1	non-metastatic cells 1, protein (NM23A) expressed in 1-4
NME1-NME2	non-metastatic cells 1, protein (NM23A) expressed in 1-4
NME2	non-metastatic cells 1, protein (NM23A) expressed in 1-4
NME3	non-metastatic cells 1, protein (NM23A) expressed in 1-4
NME4	non-metastatic cells 1, protein (NM23A) expressed in 1-4
NME7	non-metastatic cells 5/6/7, protein expressed in (nucleoside-diphosphate kinase)
NME8	non-metastatic cells 5/6/7, protein expressed in (nucleoside-diphosphate kinase)
NME9	non-metastatic cells 5/6/7, protein expressed in (nucleoside-diphosphate kinase)
TMX1	thioredoxin domain containing 1/13
TMX4	thioredoxin domain containing 1/13
TXNDC2	thioredoxin domain containing 2
ERP44	thioredoxin domain containing 4 (endoplasmic reticulum)
PDIA5	thioredoxin domain containing 5
TXNDC5	thioredoxin domain containing 5
ERP27	protein disulfide isomerase family A, member 2
P4HB	protein disulfide isomerase family A, member 2
PDIA2	protein disulfide isomerase family A, member 2
PDILT	protein disulfide isomerase family A, member 2
PDIA3	protein disulfide isomerase family A, member 3/4
PDIA4	protein disulfide isomerase family A, member 3/4
C15orf48	NUOS/NMES1/NDUFA4 mixed
NDUFA4	NUOS/NMES1/NDUFA4 mixed
PAICS	phosphoribosylaminoimidazole carboxylase, phosphoribosylaminoimidazole succinocarboxamide synthetase
ADSL	adenylosuccinate lyase
MBD5	Methyl-CpG-binding domain protein 5
SETD7	SET domain containing (lysine methyltransferase) 7
DOT1L	DOT1-like, histone H3 methyltransferase
MPHOSPH8	M-phase phosphoprotein 8
HP1BP3	Heterochromatin protein 1, binding protein 3
ZZZ3	zinc finger, ZZ-type containing 3
BAZ1B	Bromodomain adjacent to zinc finger domain protein 1B
PRDM13	PR-domain zinc finger protein 13
SETD6	SET domain containing 6
MIS18BP1	chromosome 14 open reading frame 106
BBX	HMG-BOX transcription factor BBX
PRDM6	PR-domain zinc finger protein 6
HMGXB4	High mobility group protein 2-like 1
RSF1	Remodelling and spacing factor 1
ARID2	AT rich interactive domain 2 (ARID, RFX-like)
ZMYND11	Zinc finger MYND domain-containing protein 11
FST	follistatin and follistatin-like
FSTL1	follistatin and follistatin-like
FSTL3	follistatin and follistatin-like
SETDB1	SET domain, bifurcated 1/SET domain, bifurcated 2
SETDB2	SET domain, bifurcated 1/SET domain, bifurcated 2
PRDM14	PR domain containing 14
TRRAP	Transformation/transcription domain-associated protein
PDS5A	Androgen-induced proliferation inhibitor/SCC-112 protein
PDS5B	Androgen-induced proliferation inhibitor/SCC-112 protein
ASH1L	ash1 (absent, small, or homeotic)-like / SET-binding protein 1
SETBP1	ash1 (absent, small, or homeotic)-like / SET-binding protein 1
KMT2E	SET domain containing 5/ myeloid/lymphoid or mixed-lineage leukaemia 5
INTS12	Integrator complex subunit 12
SMYD5	SET and MYND domain-containing protein 5
MTF2	PHD finger protein 1/PHD finger protein 19/metal response element binding transcription factor 2
PHF1	PHD finger protein 1/PHD finger protein 19/metal response element binding transcription factor 2
PHF19	PHD finger protein 1/PHD finger protein 19/metal response element binding transcription factor 2
SETD4	SET domain containing 3/SET domain containing 4
BRD8	Bromodomain containing 8
NCOR1	Nuclear receptor corepressor 1/2
NCOR2	Nuclear receptor corepressor 1/2
EP400	E1A-binding protein p400/Snf2-related CBP activator
SRCAP	E1A-binding protein p400/Snf2-related CBP activator
METTL15	methyltransferase 5 domain containing 1
HERC1	Hect (homologous to the E6-AP (UBE3A) carboxyl terminus) domain and RCC1 (CHC1)-like domain (RLD) 1
ARID4A	AT rich interactive domain 4A/B (RBP1-like)
ARID4B	AT rich interactive domain 4A/B (RBP1-like)
PEX6	Peroxisome assembly factor 6
ASF1A	ASF1 anti-silencing function 1 homolog A/ ASF1 anti-silencing function 1 homolog B
ASF1B	ASF1 anti-silencing function 1 homolog A/ ASF1 anti-silencing function 1 homolog B
CTCF	CCCTC-binding factor (zinc finger protein) / CCCTC-binding factor -like
CTCFL	CCCTC-binding factor (zinc finger protein) / CCCTC-binding factor -like
ELMSAN1	Transcriptional regulating factor 1 / Zinc finger protein 541
TRERF1	Transcriptional regulating factor 1 / Zinc finger protein 541
ZNF541	Transcriptional regulating factor 1 / Zinc finger protein 541
SUPV3L1	suppressor of var1, 3-like 1
SUV420H1	suppressor of variegation 4-20, homologs 1 and 2
SUV420H2	suppressor of variegation 4-20, homologs 1 and 2
UHRF2	Ubiquitin-like, containing PHD and RING finger domains, 1/2
DSP	YY1-associated factor 2/RING1 and YY1-binding protein
EPPK1	YY1-associated factor 2/RING1 and YY1-binding protein
SETD1A	SET domain containing 1A/1B
SETD1B	SET domain containing 1A/1B
ABTB2	BTB (POZ) domain containing 11/ankyrin repeat and BTB (POZ) domain containing 2
BTBD11	BTB (POZ) domain containing 11/ankyrin repeat and BTB (POZ) domain containing 2
EPC1	Enhancer of polycomb homologs 1 and 2
EPC2	Enhancer of polycomb homologs 1 and 2
BRD7	Bromodomain containing 7/Bromodomain containing 9
BRD9	Bromodomain containing 7/Bromodomain containing 9
HMG20A	High-mobility group 20A/ High-mobility group 20B
HMG20B	High-mobility group 20A/ High-mobility group 20B
SMYD4	SET and MYND domain containing 4
EHMT1	Euchromatic histone-lysine N-methyltransferase 1/Euchromatic histone-lysine N-methyltransferase 2
EHMT2	Euchromatic histone-lysine N-methyltransferase 1/Euchromatic histone-lysine N-methyltransferase 2
MTA1	Metastasis associated 1/metastasis associated 1 family, member 2/metastasis associated 1 family, member 3
MTA2	Metastasis associated 1/metastasis associated 1 family, member 2/metastasis associated 1 family, member 3
MTA3	Metastasis associated 1/metastasis associated 1 family, member 2/metastasis associated 1 family, member 3
CER1	DAN domain
DAND5	DAN domain
GREM1	DAN domain
GREM2	DAN domain
NBL1	DAN domain
SLX4	BTB/POZ domain-containing protein 12
PEX1	Peroxisome assembly factor 1
CHD3	Chromodomain helicase DNA binding proteins 3/4/5
CHD4	Chromodomain helicase DNA binding proteins 3/4/5
CHD5	Chromodomain helicase DNA binding proteins 3/4/5
KDM4A	Jumonji domain-containing protein 2A/B/C/D
KDM4B	Jumonji domain-containing protein 2A/B/C/D
KDM4C	Jumonji domain-containing protein 2A/B/C/D
KDM4D	Jumonji domain-containing protein 2A/B/C/D
KDM4E	Jumonji domain-containing protein 2A/B/C/D
RCOR1	REST corepressor 12/3
RCOR2	REST corepressor 12/3
RCOR3	REST corepressor 12/3
CHRD	chordin
CHRDL1	chordin
CHRDL2	chordin
CRIM1	chordin
SUV39H1	Suppressor of variegation 3-9 homologs 1 and 2 (Drosophila)
SUV39H2	Suppressor of variegation 3-9 homologs 1 and 2 (Drosophila)
MIER1	mesoderm induction early response 1, family member 1/2/3
MIER2	mesoderm induction early response 1, family member 1/2/3
MIER3	mesoderm induction early response 1, family member 1/2/3
TRIM24	Tripartite motif-containing 24/28/33/66
TRIM28	Tripartite motif-containing 24/28/33/66
TRIM33	Tripartite motif-containing 24/28/33/66
TRIM66	Tripartite motif-containing 24/28/33/66
CBX2	Chromobox homolog 2/4/6-8
CBX4	Chromobox homolog 2/4/6-8
CBX6	Chromobox homolog 2/4/6-8
CBX7	Chromobox homolog 2/4/6-8
CBX8	Chromobox homolog 2/4/6-8
DHH	Hedgehog
IHH	Hedgehog
SHH	Hedgehog
MCM3	DNA replication licensing factor MCM3
SMO	Smoothened
EN1	Homeobox protein engrailed
EN2	Homeobox protein engrailed
LEFTY1	Left-right determination factor
LEFTY2	Left-right determination factor
BDNF	Neurotrophin
NGF	Neurotrophin
NTF3	Neurotrophin
NTF4	Neurotrophin
ATF1	cAMP responsive element binding protein
CREB1	cAMP responsive element binding protein
CREM	cAMP responsive element binding protein
MUSK	Trk receptor tyrosine kinases
NTRK1	Trk receptor tyrosine kinases
NTRK2	Trk receptor tyrosine kinases
NTRK3	Trk receptor tyrosine kinases
ROR1	Trk receptor tyrosine kinases
ROR2	Trk receptor tyrosine kinases
NGFR	nerve growth factor receptor (TNFR superfamily, member 16)
ELOVL3	elongation of very long chain fatty acids (FEN1/Elo2, SUR4/Elo3, yeast)-like 3/6
ELOVL6	elongation of very long chain fatty acids (FEN1/Elo2, SUR4/Elo3, yeast)-like 3/6
MAP2K5	mitogen-activated protein kinase kinase 5
RBBP8	retinoblastoma binding protein 8
RBBP9	retinoblastoma binding protein 9
VRK1	vaccinia related kinase
VRK2	vaccinia related kinase
VRK3	vaccinia related kinase
SMARCAL1	Zinc finger, RAN-binding domain containing 3/ SWI/SNF-related matrix-associated actin-dependent regulator of chromatin, subfami
PHF20	PHD finger protein 20/PHD finger protein 20-like 1
PHF20L1	PHD finger protein 20/PHD finger protein 20-like 1
KDM5A	Jumonji, AT rich interactive domain 1A/1B/ Smcy homolog, X/Y-linked (mouse)
KDM5B	Jumonji, AT rich interactive domain 1A/1B/ Smcy homolog, X/Y-linked (mouse)
KDM5C	Jumonji, AT rich interactive domain 1A/1B/ Smcy homolog, X/Y-linked (mouse)
KDM5D	Jumonji, AT rich interactive domain 1A/1B/ Smcy homolog, X/Y-linked (mouse)
SETD2	SET domain containing 2
PRDM5	PR domain containing 5
RELN	Reelin
JHDM1D	F-box and leucine-rich repeat protein 10 (FBXL10)/F-box and leucine-rich repeat protein 11 (FBXL11)/PHD finger protein 2 (PHF2)
KDM2A	F-box and leucine-rich repeat protein 10 (FBXL10)/F-box and leucine-rich repeat protein 11 (FBXL11)/PHD finger protein 2 (PHF2)
KDM2B	F-box and leucine-rich repeat protein 10 (FBXL10)/F-box and leucine-rich repeat protein 11 (FBXL11)/PHD finger protein 2 (PHF2)
PHF2	F-box and leucine-rich repeat protein 10 (FBXL10)/F-box and leucine-rich repeat protein 11 (FBXL11)/PHD finger protein 2 (PHF2)
PHF8	F-box and leucine-rich repeat protein 10 (FBXL10)/F-box and leucine-rich repeat protein 11 (FBXL11)/PHD finger protein 2 (PHF2)
TOX	Trinucleotide repeat containing 9 (TNRC9)/Langerhans cell protein (LCP1)/Granulosa cell HMG box protein 1 (GCX1)/Thymocyte sele
TOX2	Trinucleotide repeat containing 9 (TNRC9)/Langerhans cell protein (LCP1)/Granulosa cell HMG box protein 1 (GCX1)/Thymocyte sele
TOX3	Trinucleotide repeat containing 9 (TNRC9)/Langerhans cell protein (LCP1)/Granulosa cell HMG box protein 1 (GCX1)/Thymocyte sele
TOX4	Trinucleotide repeat containing 9 (TNRC9)/Langerhans cell protein (LCP1)/Granulosa cell HMG box protein 1 (GCX1)/Thymocyte sele
BTBD1	BTB/POZ domain containing 1/2/3/6
BTBD2	BTB/POZ domain containing 1/2/3/6
BTBD6	BTB/POZ domain containing 1/2/3/6
KAT6A	MYST histone acetyltransferase 2/3/4
KAT6B	MYST histone acetyltransferase 2/3/4
RBBP4	Retinoblastoma binding protein 4/retinoblastoma binding protein 7
RBBP7	Retinoblastoma binding protein 4/retinoblastoma binding protein 7
SMARCD1	SWI/SNF related, matrix associated, actin dependent regulator of chromatin, subfamily d, members 1/2/3
SMARCD2	SWI/SNF related, matrix associated, actin dependent regulator of chromatin, subfamily d, members 1/2/3
SMARCD3	SWI/SNF related, matrix associated, actin dependent regulator of chromatin, subfamily d, members 1/2/3
SMYD1	SET and MYND domain containing 1/2/3
SMYD2	SET and MYND domain containing 1/2/3
SMYD3	SET and MYND domain containing 1/2/3
SCMH1	sex comb on midleg-like 2/4 / sex comb on midleg homolog 1 (Drosophila)
SCML2	sex comb on midleg-like 2/4 / sex comb on midleg homolog 1 (Drosophila)
SCML4	sex comb on midleg-like 2/4 / sex comb on midleg homolog 1 (Drosophila)
PTCH1	Patched
PTCH2	Patched
PFDN1	Prefoldin subunit 1
PFDN4	Prefoldin subunit 4
MTF1	YY transcription factor/metal-regulatory transcription factor 1
YY1	YY transcription factor/metal-regulatory transcription factor 1
YY2	YY transcription factor/metal-regulatory transcription factor 1
ZFP42	YY transcription factor/metal-regulatory transcription factor 1
ANLN	anillin, actin binding protein
ARHGEF1	Rho guanine nucleotide exchange factor (GEF) 1,11 &12
ARHGEF11	Rho guanine nucleotide exchange factor (GEF) 1,11 &12
ARHGEF12	Rho guanine nucleotide exchange factor (GEF) 1,11 &12
APC	Adenomatous polyposis coli
APC2	Adenomatous polyposis coli
ING3	inhibitor of growth family, member 3
NUPL1	nucleoporin like 1
NUP50	Nucleoporin 50 kDa
CDK14	PCTAIRE/PFTAIRE protein kinase
CDK15	PCTAIRE/PFTAIRE protein kinase
CDK16	PCTAIRE/PFTAIRE protein kinase
CDK17	PCTAIRE/PFTAIRE protein kinase
CDK18	PCTAIRE/PFTAIRE protein kinase
PFDN5	Prefoldin subunit 5
NR3C1	steroid hormone receptors AR, PGR, NR3C1, and NR3C2
NR3C2	steroid hormone receptors AR, PGR, NR3C1, and NR3C2
PGR	steroid hormone receptors AR, PGR, NR3C1, and NR3C2
